essay_id	essay_set
7532	3
7229	3
4154	2
17950	7
9785	4
12575	5
9347	4
12485	5
19159	7
19148	7
13077	5
15665	6
4236	2
19337	7
4225	2
10030	4
21157	8
15211	6
12854	5
15727	6
9165	4
10538	4
3434	2
3716	2
12513	5
18916	7
3839	2
21308	8
18715	7
3346	2
15172	6
13576	5
10299	4
15182	6
6340	3
6672	3
10193	4
10565	4
15803	6
9863	4
19510	7
6854	3
18079	7
18761	7
9803	4
21517	8
7322	3
15891	6
19361	7
19456	7
19187	7
18653	7
7668	3
4008	2
7590	3
9642	4
15237	6
7430	3
3204	2
12028	5
20876	8
3546	2
19116	7
19087	7
14854	6
3305	2
15130	6
7495	3
4079	2
12337	5
6316	3
12596	5
18326	7
13372	5
9182	4
6326	3
3976	2
18928	7
19175	7
13406	5
21032	8
4017	2
21459	8
18731	7
16046	6
6595	3
20790	8
13012	5
4293	2
4059	2
21176	8
19114	7
13093	5
7457	3
16117	6
16312	6
10233	4
21056	8
9627	4
9341	4
4669	2
9493	4
21397	8
13549	5
13614	5
15241	6
3998	2
3769	2
12693	5
15250	6
19135	7
7402	3
4736	2
4514	2
13172	5
7201	3
4493	2
19243	7
6371	3
6780	3
3105	2
15949	6
3595	2
3936	2
7283	3
3778	2
16549	6
17982	7
4180	2
18872	7
9531	4
12595	5
18541	7
12404	5
9429	4
15229	6
10132	4
14870	6
13524	5
3006	2
15829	6
4173	2
3480	2
6405	3
12045	5
9829	4
6439	3
20872	8
6725	3
7533	3
10187	4
7075	3
21536	8
17904	7
6864	3
4661	2
8966	4
15996	6
6668	3
17927	7
12327	5
2998	2
20724	8
18286	7
6298	3
18182	7
18531	7
3250	2
13418	5
3436	2
10593	4
15496	6
15481	6
12986	5
10465	4
7680	3
13215	5
10462	4
4027	2
10573	4
16135	6
16461	6
12466	5
13514	5
4444	2
6036	3
20794	8
12577	5
13517	5
19416	7
9272	4
12526	5
10491	4
6113	3
7044	3
16063	6
3222	2
3042	2
4085	2
11828	5
12378	5
7244	3
15053	6
18737	7
13461	5
16093	6
16038	6
18648	7
17959	7
9009	4
18747	7
16417	6
6053	3
15916	6
16212	6
3868	2
19427	7
13629	5
7472	3
3173	2
15591	6
12284	5
6348	3
12165	5
6775	3
2992	2
21180	8
19444	7
21404	8
13288	5
16518	6
6386	3
3531	2
14968	6
4466	2
12624	5
6875	3
13140	5
12105	5
18186	7
3517	2
7021	3
3377	2
3234	2
6319	3
7128	3
11861	5
6569	3
15957	6
4238	2
6300	3
7553	3
19203	7
21005	8
18393	7
6872	3
18168	7
3078	2
18523	7
9307	4
12646	5
12319	5
4323	2
7167	3
20830	8
16079	6
12118	5
9160	4
7407	3
7018	3
19377	7
16618	6
10201	4
4191	2
6312	3
6606	3
4550	2
16092	6
15276	6
12679	5
7271	3
21225	8
12622	5
14908	6
9311	4
16296	6
9184	4
12490	5
6741	3
16432	6
6333	3
6369	3
10265	4
15655	6
21403	8
9156	4
6670	3
4229	2
19529	7
10431	4
10319	4
12065	5
6546	3
16162	6
9777	4
10518	4
3812	2
7289	3
7370	3
14919	6
13070	5
12431	5
2981	2
7689	3
19373	7
4306	2
4274	2
19297	7
15631	6
13125	5
16502	6
6681	3
9714	4
6778	3
15230	6
10455	4
19324	7
12710	5
4532	2
11833	5
3930	2
7117	3
9385	4
8869	4
14975	6
13174	5
19234	7
19108	7
10474	4
16058	6
15869	6
6636	3
13035	5
12140	5
8942	4
6765	3
3557	2
15572	6
3371	2
15324	6
16547	6
3462	2
7255	3
7581	3
9310	4
3139	2
19413	7
18011	7
12664	5
7632	3
6513	3
8997	4
15587	6
18522	7
21344	8
7217	3
12308	5
17953	7
12106	5
6512	3
6544	3
7243	3
4076	2
4019	2
12447	5
10568	4
12115	5
3483	2
3684	2
13208	5
15110	6
3600	2
3475	2
3804	2
7130	3
18198	7
15048	6
6193	3
13171	5
10288	4
9400	4
3547	2
6062	3
14895	6
7597	3
3518	2
15077	6
17878	7
12437	5
4756	2
19077	7
15744	6
4369	2
12529	5
6166	3
20994	8
4003	2
18965	7
19033	7
8988	4
6715	3
18753	7
13378	5
7588	3
10216	4
15049	6
4002	2
15722	6
14983	6
10160	4
18267	7
16203	6
15174	6
16185	6
9630	4
14884	6
12909	5
10493	4
3031	2
13180	5
15309	6
21595	8
4034	2
13194	5
21409	8
6325	3
20756	8
13102	5
12714	5
12686	5
15244	6
7563	3
3304	2
6845	3
6730	3
6372	3
15807	6
19172	7
10434	4
8875	4
6155	3
15222	6
3252	2
18661	7
18423	7
13175	5
20967	8
12369	5
9868	4
4255	2
14845	6
20984	8
3999	2
3316	2
12784	5
18432	7
18805	7
10591	4
12117	5
14932	6
12373	5
4030	2
3591	2
12269	5
18727	7
17937	7
18444	7
19374	7
12869	5
15032	6
9888	4
4220	2
19258	7
15303	6
21185	8
19134	7
19245	7
18454	7
3748	2
7176	3
6314	3
3011	2
6659	3
18373	7
18694	7
3307	2
20781	8
10044	4
7241	3
15593	6
19406	7
19030	7
15612	6
12385	5
18407	7
3149	2
12005	5
12283	5
11914	5
6836	3
9919	4
6050	3
18030	7
21213	8
15649	6
9501	4
13391	5
6106	3
12673	5
15578	6
15748	6
10086	4
21532	8
4208	2
10047	4
13386	5
15633	6
12883	5
7256	3
7554	3
18819	7
19468	7
6965	3
7455	3
4210	2
15558	6
18599	7
9465	4
3747	2
7517	3
16149	6
10575	4
15306	6
10057	4
18051	7
18183	7
9726	4
6041	3
4356	2
12300	5
3798	2
15556	6
18659	7
3189	2
12204	5
9784	4
3453	2
3644	2
6195	3
15933	6
18705	7
13613	5
18178	7
6954	3
3860	2
14984	6
14920	6
15940	6
18784	7
16520	6
9983	4
7094	3
15160	6
4279	2
16071	6
6810	3
3295	2
3738	2
6703	3
3800	2
13371	5
10498	4
6781	3
3937	2
18935	7
12810	5
6389	3
18271	7
16468	6
6349	3
18092	7
7480	3
6840	3
4596	2
13530	5
4119	2
7461	3
3803	2
16517	6
3831	2
6519	3
21078	8
16628	6
18884	7
18496	7
9755	4
21568	8
3559	2
16275	6
4266	2
8923	4
21195	8
4078	2
15800	6
18324	7
13566	5
3029	2
16290	6
18749	7
6907	3
15117	6
15333	6
9199	4
4168	2
3554	2
13469	5
7671	3
7477	3
7111	3
13578	5
10542	4
12510	5
9662	4
18565	7
12708	5
13156	5
9263	4
5994	3
19039	7
3728	2
9175	4
21537	8
19395	7
12013	5
3714	2
21182	8
12414	5
7486	3
9696	4
10321	4
6221	3
12508	5
12226	5
3259	2
9951	4
3682	2
19321	7
19489	7
12954	5
7025	3
7482	3
16208	6
12846	5
12007	5
16501	6
3209	2
9945	4
21250	8
4710	2
6257	3
4601	2
15392	6
7304	3
12717	5
9017	4
16231	6
9491	4
18184	7
7429	3
12941	5
5995	3
3477	2
15261	6
19450	7
18912	7
9276	4
4394	2
13467	5
10602	4
14844	6
10393	4
9133	4
15422	6
18674	7
9047	4
18495	7
21137	8
15868	6
6032	3
18421	7
16419	6
18093	7
20839	8
3176	2
3824	2
7401	3
19446	7
3701	2
9618	4
13570	5
15285	6
18577	7
10420	4
21515	8
9912	4
13356	5
15410	6
12038	5
9691	4
10360	4
17921	7
18899	7
3455	2
15887	6
18205	7
19359	7
13359	5
15599	6
21166	8
3312	2
18946	7
12550	5
15548	6
8926	4
6745	3
16392	6
12746	5
10090	4
9371	4
21227	8
4158	2
13259	5
18959	7
4606	2
13090	5
3443	2
13032	5
4686	2
6408	3
4275	2
3000	2
12957	5
9130	4
4389	2
4018	2
19034	7
19247	7
3843	2
4111	2
16133	6
9454	4
15846	6
16028	6
19343	7
15752	6
7309	3
8921	4
15852	6
15138	6
20777	8
18055	7
3838	2
13527	5
18662	7
13437	5
16294	6
20857	8
18490	7
18824	7
7223	3
3489	2
3287	2
13616	5
6306	3
9986	4
4723	2
10438	4
15883	6
12160	5
10063	4
10453	4
6638	3
16603	6
7164	3
4660	2
9505	4
19336	7
10064	4
16137	6
21456	8
4311	2
8898	4
6307	3
13052	5
6722	3
12876	5
12735	5
6336	3
12190	5
4505	2
12842	5
7422	3
15387	6
18227	7
17993	7
6905	3
18342	7
4536	2
9569	4
18534	7
3639	2
11882	5
12780	5
6485	3
11953	5
6207	3
6646	3
3817	2
4665	2
3882	2
13463	5
10555	4
7452	3
15934	6
4237	2
16125	6
13198	5
6143	3
6047	3
3494	2
13513	5
13628	5
18123	7
19394	7
20981	8
6220	3
3224	2
9932	4
12705	5
15126	6
18833	7
4114	2
16017	6
3772	2
3558	2
14961	6
9851	4
3251	2
16223	6
18068	7
15510	6
9154	4
21059	8
15831	6
6016	3
19136	7
3740	2
21481	8
3707	2
21302	8
7571	3
18217	7
10550	4
12390	5
9678	4
3961	2
7260	3
9658	4
10237	4
16232	6
14873	6
6146	3
15603	6
9813	4
12091	5
18521	7
13183	5
12033	5
12491	5
9109	4
16620	6
19210	7
3021	2
16403	6
12722	5
12236	5
15986	6
20924	8
20723	8
19062	7
3664	2
12636	5
9054	4
16237	6
6796	3
12808	5
19375	7
21434	8
18345	7
3274	2
17941	7
19052	7
15747	6
8954	4
12867	5
15456	6
7608	3
11920	5
3965	2
9625	4
12481	5
9095	4
3883	2
7100	3
7010	3
18919	7
15034	6
12587	5
4699	2
3938	2
9941	4
15731	6
15368	6
6997	3
9255	4
6059	3
6242	3
7661	3
6003	3
12786	5
9427	4
9197	4
4598	2
18518	7
8885	4
4439	2
18516	7
8905	4
12384	5
11948	5
18657	7
6963	3
20883	8
10161	4
15171	6
16142	6
7360	3
16596	6
15435	6
7122	3
19263	7
15119	6
16239	6
4625	2
13434	5
3053	2
12608	5
3943	2
18849	7
16384	6
13501	5
13066	5
6239	3
12487	5
9289	4
17854	7
4024	2
7504	3
12086	5
15483	6
7529	3
6726	3
21262	8
13537	5
3353	2
9820	4
7278	3
16363	6
3454	2
15952	6
15675	6
15664	6
4087	2
18322	7
20850	8
7570	3
16201	6
11975	5
14840	6
3992	2
12403	5
20907	8
12303	5
17845	7
15383	6
9296	4
15175	6
3276	2
19109	7
16409	6
12968	5
12096	5
9217	4
12243	5
10352	4
6852	3
4335	2
9486	4
4524	2
3141	2
9539	4
7433	3
6315	3
21285	8
13223	5
6554	3
15984	6
3062	2
3284	2
15381	6
13452	5
3004	2
12222	5
6565	3
10259	4
3157	2
9524	4
9955	4
9751	4
19225	7
13349	5
15188	6
10182	4
13026	5
4105	2
9469	4
10088	4
12459	5
3124	2
21447	8
21594	8
21069	8
12279	5
3112	2
13600	5
10208	4
9727	4
19526	7
15457	6
13567	5
7046	3
7609	3
6848	3
7042	3
21549	8
9219	4
7253	3
4124	2
12771	5
15630	6
20972	8
9671	4
7593	3
12395	5
3005	2
6281	3
16554	6
4110	2
10277	4
9512	4
14900	6
10014	4
7187	3
17900	7
9703	4
9747	4
15120	6
9029	4
15118	6
16397	6
11901	5
12663	5
7212	3
14971	6
12716	5
20966	8
12718	5
9360	4
15610	6
19460	7
4150	2
9108	4
7585	3
9445	4
3206	2
4717	2
18879	7
18207	7
15375	6
21424	8
15629	6
7355	3
7594	3
14862	6
21199	8
10260	4
6368	3
4455	2
21107	8
12525	5
4212	2
21422	8
13197	5
10540	4
19090	7
3137	2
9520	4
18137	7
16104	6
13000	5
19294	7
3901	2
6647	3
6798	3
4001	2
6449	3
15541	6
18606	7
13396	5
17923	7
19144	7
3319	2
9548	4
7663	3
6400	3
7451	3
12501	5
6074	3
16220	6
18083	7
12871	5
3524	2
6759	3
18575	7
12191	5
7047	3
9801	4
12757	5
18895	7
9560	4
12057	5
4479	2
6900	3
4387	2
13055	5
7205	3
4364	2
15794	6
12021	5
10587	4
17874	7
12507	5
4544	2
20841	8
13480	5
16271	6
6729	3
15406	6
18175	7
17840	7
3977	2
9015	4
3519	2
12442	5
15413	6
12076	5
15718	6
6317	3
16172	6
6066	3
8867	4
15693	6
21189	8
15301	6
7685	3
6158	3
12274	5
11852	5
18020	7
9327	4
3390	2
10615	4
15434	6
12197	5
3072	2
3239	2
6502	3
15761	6
18591	7
13626	5
12193	5
3414	2
19414	7
19044	7
6248	3
3183	2
4083	2
6902	3
4758	2
9926	4
7294	3
3969	2
21473	8
9527	4
5986	3
3055	2
7479	3
7357	3
9126	4
12071	5
7567	3
3774	2
18974	7
6492	3
15362	6
18655	7
6153	3
13471	5
17967	7
10378	4
9087	4
21030	8
16548	6
14953	6
16457	6
10426	4
13361	5
12606	5
20832	8
18002	7
18180	7
7573	3
12123	5
18863	7
9379	4
9535	4
9925	4
17887	7
16304	6
15813	6
15931	6
3076	2
10624	4
4760	2
15993	6
9638	4
13153	5
13048	5
15321	6
7081	3
9151	4
6576	3
6657	3
11881	5
18336	7
16136	6
8943	4
6035	3
7612	3
9085	4
18969	7
3995	2
3686	2
4147	2
15169	6
16124	6
12127	5
9466	4
15779	6
21156	8
10199	4
15929	6
16280	6
9022	4
4109	2
15925	6
21391	8
15559	6
13040	5
18356	7
21382	8
12712	5
16258	6
6127	3
3242	2
6571	3
9906	4
15520	6
3885	2
12386	5
7349	3
9811	4
18120	7
15508	6
9013	4
6375	3
18237	7
4382	2
3933	2
15359	6
20971	8
10167	4
9396	4
18594	7
4037	2
13207	5
15294	6
18370	7
15291	6
10495	4
13308	5
18034	7
13270	5
15918	6
3016	2
18046	7
10279	4
14859	6
6824	3
12195	5
10473	4
13311	5
13216	5
9072	4
3907	2
20787	8
6908	3
9722	4
15517	6
4629	2
13320	5
19166	7
19100	7
12543	5
3964	2
12561	5
16289	6
21574	8
13525	5
18004	7
6150	3
19293	7
9597	4
6079	3
9609	4
15613	6
20894	8
19092	7
12943	5
15734	6
16480	6
9963	4
15467	6
6757	3
18331	7
8981	4
20792	8
3601	2
21348	8
6290	3
21544	8
3117	2
15167	6
10353	4
4056	2
3734	2
15849	6
18481	7
3422	2
15848	6
4644	2
9215	4
7662	3
10102	4
10239	4
9559	4
19207	7
16217	6
19332	7
12834	5
10107	4
7412	3
18609	7
15338	6
13510	5
21609	8
19005	7
7219	3
6135	3
7048	3
10013	4
13400	5
13202	5
9869	4
13043	5
13591	5
21247	8
6324	3
5997	3
21324	8
13240	5
7238	3
4657	2
12053	5
7035	3
6181	3
13132	5
4133	2
7565	3
15717	6
21035	8
8897	4
4370	2
12035	5
6893	3
18937	7
6243	3
4437	2
19149	7
6687	3
3813	2
4720	2
7496	3
18629	7
18226	7
19353	7
7336	3
18455	7
7525	3
7293	3
3617	2
6005	3
15497	6
18008	7
16190	6
7686	3
18630	7
4415	2
9665	4
6266	3
12185	5
6396	3
18430	7
6843	3
4300	2
15180	6
13599	5
3624	2
19518	7
16213	6
9101	4
19298	7
11915	5
18106	7
3792	2
14879	6
15225	6
3050	2
20748	8
7091	3
12342	5
9574	4
12427	5
7498	3
7453	3
21361	8
6581	3
14962	6
16446	6
15277	6
12467	5
4347	2
10620	4
12938	5
9207	4
21552	8
7073	3
9144	4
4738	2
20828	8
4593	2
13178	5
12619	5
7622	3
7381	3
7450	3
19311	7
10046	4
3733	2
15834	6
12991	5
15221	6
15403	6
9959	4
18639	7
9718	4
10197	4
13516	5
15557	6
16364	6
4583	2
9568	4
11848	5
4130	2
3476	2
7583	3
21358	8
15339	6
13336	5
12100	5
15143	6
20721	8
12678	5
9298	4
4113	2
3797	2
4707	2
15911	6
4429	2
9738	4
10547	4
12607	5
18195	7
13483	5
12137	5
16194	6
3503	2
16463	6
18822	7
15896	6
16465	6
10633	4
6117	3
6842	3
9244	4
10369	4
9778	4
18339	7
13384	5
15487	6
15650	6
6475	3
21194	8
12960	5
9056	4
18809	7
4722	2
16023	6
18119	7
19383	7
10309	4
4181	2
6187	3
18065	7
15096	6
3853	2
18159	7
7175	3
12904	5
9725	4
13500	5
18736	7
4199	2
7506	3
17862	7
15325	6
20933	8
18147	7
12454	5
18786	7
7218	3
21508	8
3474	2
6091	3
15919	6
16408	6
9772	4
13210	5
9551	4
10489	4
7147	3
18871	7
17839	7
13313	5
7263	3
6998	3
15089	6
9599	4
10433	4
7245	3
9604	4
3121	2
18414	7
3409	2
20944	8
6201	3
3203	2
13182	5
4655	2
12863	5
19063	7
12514	5
10251	4
10637	4
4486	2
17856	7
3645	2
3934	2
7550	3
15926	6
7129	3
8908	4
7449	3
6723	3
3703	2
6278	3
16362	6
12816	5
18013	7
15527	6
13352	5
12767	5
19543	7
4247	2
9058	4
6445	3
18707	7
9221	4
7135	3
4253	2
9319	4
15421	6
3357	2
6313	3
4456	2
18816	7
6552	3
3364	2
12602	5
4476	2
21377	8
21023	8
4592	2
7647	3
13392	5
6211	3
18987	7
15922	6
3391	2
9876	4
16315	6
9357	4
12433	5
19246	7
4243	2
14872	6
4679	2
4325	2
12292	5
9478	4
10416	4
3732	2
19340	7
12237	5
12141	5
4242	2
16055	6
15666	6
12976	5
6160	3
4635	2
3411	2
11928	5
7424	3
18758	7
19192	7
21410	8
9330	4
12148	5
16452	6
15115	6
12052	5
6504	3
6427	3
6380	3
18704	7
9538	4
6004	3
9198	4
18556	7
3314	2
21105	8
9716	4
6258	3
15020	6
14960	6
10553	4
15946	6
14934	6
3692	2
9141	4
18409	7
3578	2
4675	2
3184	2
3277	2
6434	3
21386	8
18252	7
21043	8
12899	5
3634	2
15084	6
15964	6
13574	5
18482	7
16525	6
16366	6
19041	7
21356	8
19435	7
6538	3
3220	2
19060	7
3631	2
10500	4
4628	2
20915	8
9043	4
21319	8
16155	6
13254	5
9942	4
10340	4
13488	5
19097	7
4763	2
12699	5
3675	2
9322	4
7421	3
15357	6
18190	7
6758	3
16563	6
18376	7
16577	6
15773	6
18258	7
3636	2
4433	2
6651	3
18714	7
19150	7
4559	2
11940	5
11991	5
19037	7
21331	8
8937	4
16448	6
8901	4
10091	4
3490	2
15987	6
15983	6
4120	2
16491	6
19329	7
9911	4
4310	2
12823	5
12603	5
15220	6
6174	3
12879	5
6625	3
13085	5
12902	5
9348	4
3024	2
9177	4
9583	4
3412	2
9238	4
3657	2
14856	6
17974	7
4552	2
13540	5
3290	2
6468	3
12637	5
15307	6
7231	3
21292	8
19261	7
4688	2
15974	6
13490	5
9991	4
15471	6
6188	3
18642	7
6335	3
18401	7
18181	7
7125	3
15637	6
9615	4
13237	5
4206	2
4467	2
12006	5
18880	7
17975	7
11927	5
6358	3
15235	6
13004	5
21272	8
12299	5
10297	4
13422	5
3872	2
11891	5
12922	5
15025	6
7340	3
12500	5
10005	4
19069	7
14946	6
3891	2
12702	5
21610	8
19281	7
6805	3
15740	6
16218	6
12203	5
11827	5
16500	6
12670	5
16253	6
10470	4
18802	7
13159	5
15304	6
15068	6
12273	5
7557	3
4565	2
13593	5
12446	5
19183	7
15554	6
18921	7
12062	5
16130	6
6635	3
10313	4
9587	4
10640	4
3083	2
18097	7
16522	6
6605	3
3525	2
12560	5
3903	2
4009	2
18810	7
12210	5
3061	2
12312	5
6613	3
10211	4
14929	6
7311	3
15350	6
21248	8
21181	8
9506	4
15436	6
3032	2
12659	5
12110	5
21241	8
4480	2
4691	2
4487	2
12752	5
10554	4
15373	6
18770	7
4309	2
4091	2
20734	8
18282	7
15154	6
9643	4
4305	2
4587	2
12408	5
10244	4
14965	6
6012	3
12921	5
21063	8
15768	6
13377	5
19304	7
8980	4
12040	5
7379	3
3794	2
15041	6
4555	2
18826	7
10456	4
4490	2
4692	2
6227	3
15270	6
4528	2
21522	8
13443	5
7548	3
12797	5
6699	3
19561	7
17847	7
18212	7
12472	5
15056	6
18494	7
6284	3
21556	8
18050	7
6580	3
9361	4
6118	3
13450	5
9558	4
21099	8
9194	4
3362	2
9320	4
2986	2
6592	3
15135	6
19185	7
6755	3
15299	6
17880	7
12383	5
11979	5
4155	2
4402	2
4454	2
6739	3
21132	8
4416	2
15858	6
12027	5
21458	8
12347	5
6229	3
3262	2
15970	6
13163	5
5987	3
6026	3
12473	5
16129	6
10157	4
13034	5
11910	5
21451	8
13046	5
9034	4
4012	2
8934	4
21217	8
21310	8
4015	2
16546	6
4482	2
3504	2
21352	8
3446	2
14847	6
20974	8
20958	8
6861	3
3718	2
9111	4
6846	3
12520	5
13531	5
13348	5
3318	2
16625	6
12061	5
3526	2
6093	3
16507	6
13568	5
7014	3
15177	6
7398	3
18932	7
11864	5
16600	6
9644	4
6863	3
12008	5
12363	5
15196	6
9492	4
6650	3
9086	4
21428	8
18664	7
6953	3
3756	2
4425	2
9434	4
9875	4
9125	4
12739	5
15286	6
10445	4
18763	7
13435	5
14999	6
4033	2
7350	3
13109	5
14926	6
8909	4
4341	2
19432	7
7674	3
19356	7
12219	5
3334	2
14875	6
6271	3
9012	4
15872	6
18429	7
13030	5
3953	2
15962	6
10520	4
9633	4
19058	7
4343	2
11963	5
6789	3
11834	5
13115	5
15327	6
15985	6
12655	5
10395	4
21053	8
15821	6
19260	7
13561	5
4308	2
13269	5
19479	7
3637	2
13224	5
16542	6
10179	4
15825	6
9366	4
19384	7
6736	3
6623	3
18745	7
10394	4
19079	7
3214	2
3912	2
9700	4
13155	5
5998	3
9200	4
10282	4
6149	3
3241	2
15408	6
7065	3
4093	2
15509	6
3451	2
7214	3
3510	2
3270	2
21501	8
6708	3
3916	2
7692	3
19186	7
21029	8
10373	4
9606	4
19415	7
4108	2
9080	4
21265	8
10526	4
18358	7
12743	5
12505	5
12895	5
4013	2
12585	5
6339	3
10031	4
7409	3
12175	5
12360	5
6876	3
18259	7
10040	4
4590	2
15804	6
10627	4
4299	2
15198	6
3783	2
15197	6
15122	6
6367	3
9292	4
7616	3
12410	5
10059	4
3821	2
15005	6
9900	4
15882	6
4040	2
15954	6
20939	8
16148	6
16281	6
15318	6
13173	5
18957	7
3207	2
7334	3
6790	3
16074	6
18049	7
15739	6
16624	6
16272	6
12502	5
12517	5
10464	4
12754	5
4752	2
17970	7
9526	4
21545	8
21127	8
6979	3
15401	6
21207	8
6259	3
19029	7
7470	3
18622	7
3145	2
16134	6
16175	6
9921	4
16556	6
14963	6
19250	7
12609	5
18773	7
3298	2
3844	2
3052	2
6444	3
12534	5
21076	8
6112	3
16090	6
9910	4
19534	7
10222	4
9883	4
13630	5
6463	3
21186	8
10212	4
16450	6
13456	5
16633	6
16410	6
11847	5
4742	2
15151	6
3464	2
15231	6
16114	6
9989	4
18634	7
15685	6
21288	8
3729	2
13365	5
10028	4
10073	4
4121	2
9584	4
15879	6
19306	7
4748	2
12974	5
12136	5
3556	2
19169	7
12463	5
4446	2
3247	2
11837	5
7338	3
9677	4
11999	5
9260	4
4218	2
19342	7
4209	2
14990	6
19103	7
12729	5
13366	5
16342	6
18289	7
18505	7
15031	6
3551	2
11980	5
10036	4
21407	8
3787	2
3482	2
12565	5
9858	4
15163	6
18545	7
6225	3
4694	2
4603	2
12323	5
15098	6
15899	6
21298	8
10254	4
10532	4
6304	3
10494	4
3271	2
6082	3
15862	6
4404	2
4315	2
9403	4
9413	4
10130	4
17980	7
7281	3
16052	6
18882	7
11988	5
7110	3
21322	8
18142	7
11839	5
15518	6
15490	6
3185	2
3850	2
3849	2
3237	2
6614	3
13333	5
15624	6
4316	2
11972	5
6792	3
12689	5
3447	2
21321	8
15450	6
9744	4
13037	5
19216	7
15859	6
9420	4
21126	8
9908	4
18800	7
20803	8
16353	6
5979	3
7514	3
13465	5
15853	6
6856	3
15708	6
6562	3
16235	6
10043	4
6478	3
11906	5
6850	3
6973	3
16011	6
18388	7
19296	7
13221	5
8977	4
12993	5
16486	6
7558	3
11913	5
7275	3
18596	7
4235	2
12119	5
15814	6
21347	8
15845	6
19431	7
9793	4
21495	8
18553	7
3874	2
18823	7
21153	8
19502	7
6664	3
9381	4
18368	7
16513	6
3406	2
7580	3
12084	5
12629	5
3466	2
12315	5
3929	2
9641	4
12230	5
16277	6
6577	3
21145	8
7386	3
4252	2
3108	2
13068	5
11830	5
19042	7
11911	5
18561	7
11937	5
13001	5
9950	4
17849	7
13071	5
9849	4
16555	6
16247	6
15431	6
17946	7
13590	5
10449	4
3606	2
14909	6
12875	5
10539	4
3088	2
18638	7
12409	5
12874	5
15729	6
3350	2
21079	8
12399	5
15563	6
19251	7
13002	5
6742	3
3988	2
12703	5
13328	5
19084	7
9874	4
9933	4
10240	4
10484	4
13446	5
16478	6
11854	5
12079	5
14850	6
7119	3
15688	6
17965	7
3020	2
13474	5
10021	4
6019	3
13582	5
16256	6
9575	4
12439	5
17932	7
4498	2
4496	2
6083	3
13255	5
15956	6
11966	5
3535	2
12774	5
18045	7
11866	5
6665	3
18219	7
4281	2
15756	6
18378	7
6402	3
9476	4
3897	2
18465	7
9964	4
7505	3
3534	2
4183	2
6024	3
16356	6
10596	4
11842	5
16589	6
18058	7
12161	5
18667	7
12380	5
12217	5
7436	3
15522	6
11956	5
4182	2
6184	3
18078	7
19177	7
9172	4
4175	2
9243	4
17872	7
9112	4
18906	7
4096	2
9708	4
11877	5
15380	6
3599	2
16451	6
13553	5
16032	6
15702	6
9387	4
3643	2
20926	8
6275	3
3696	2
18734	7
16121	6
9798	4
3706	2
6643	3
21488	8
8985	4
6198	3
3712	2
4256	2
16224	6
6763	3
9907	4
12650	5
9702	4
6903	3
18060	7
4283	2
15354	6
3481	2
6440	3
18670	7
4668	2
9422	4
14853	6
19481	7
12016	5
4244	2
7403	3
4513	2
13019	5
16421	6
3846	2
4501	2
21387	8
3354	2
4645	2
7181	3
6782	3
6235	3
7051	3
20836	8
6308	3
9749	4
4126	2
13187	5
9840	4
3851	2
3261	2
6456	3
12939	5
10595	4
3444	2
4588	2
7526	3
18515	7
15917	6
18500	7
18134	7
15900	6
2987	2
7306	3
9285	4
16081	6
6992	3
10590	4
19522	7
4270	2
12824	5
9332	4
18012	7
10437	4
16075	6
21044	8
12170	5
7159	3
16508	6
6140	3
6818	3
3381	2
13306	5
9106	4
3939	2
8874	4
9201	4
3836	2
9370	4
18663	7
6098	3
6268	3
6885	3
18902	7
19195	7
7536	3
15014	6
10502	4
6743	3
15584	6
8915	4
21446	8
13324	5
12453	5
6667	3
12186	5
12155	5
16227	6
18891	7
18552	7
12588	5
16278	6
15124	6
7184	3
9497	4
14897	6
7344	3
9767	4
6732	3
20848	8
6981	3
9477	4
6068	3
20808	8
13368	5
12546	5
6653	3
18583	7
10614	4
12725	5
10543	4
16005	6
16326	6
21606	8
21119	8
3324	2
4595	2
20898	8
10114	4
18215	7
3064	2
18084	7
10372	4
14887	6
9473	4
16027	6
3202	2
12532	5
19381	7
4580	2
4139	2
15332	6
20829	8
17865	7
3616	2
12996	5
18785	7
6917	3
3134	2
3326	2
6351	3
3652	2
16319	6
7276	3
12748	5
13622	5
19372	7
14871	6
16330	6
3231	2
6470	3
4475	2
19447	7
12998	5
9318	4
18361	7
16156	6
21205	8
6455	3
6252	3
18950	7
15282	6
12113	5
21624	8
15791	6
16338	6
13089	5
20885	8
6956	3
10390	4
10311	4
18605	7
12770	5
3565	2
4509	2
9697	4
7556	3
19549	7
14921	6
7148	3
8967	4
6410	3
15806	6
17968	7
13575	5
4171	2
14959	6
19535	7
16540	6
9556	4
18094	7
6495	3
12382	5
9580	4
16476	6
6957	3
12208	5
9824	4
8919	4
18471	7
4088	2
4029	2
2994	2
21385	8
4098	2
3809	2
3750	2
7695	3
21038	8
19208	7
10169	4
16147	6
12297	5
9765	4
16437	6
10217	4
9105	4
18820	7
3218	2
21357	8
6209	3
12326	5
3545	2
12438	5
8888	4
10155	4
7631	3
21261	8
21259	8
16103	6
16269	6
3160	2
15991	6
18628	7
6688	3
6407	3
12897	5
4368	2
20956	8
15620	6
4259	2
4776	2
18610	7
18798	7
15536	6
9142	4
3512	2
10172	4
3898	2
15162	6
15170	6
19328	7
16582	6
4344	2
10601	4
19204	7
10080	4
12157	5
9966	4
13209	5
13179	5
20812	8
18261	7
21001	8
18760	7
9384	4
21301	8
18248	7
3278	2
10008	4
12295	5
10050	4
10174	4
8899	4
15907	6
13595	5
4248	2
9828	4
12959	5
6346	3
12244	5
19196	7
12599	5
16238	6
13346	5
21557	8
3613	2
13138	5
12133	5
6972	3
6418	3
9578	4
18466	7
13457	5
3106	2
18394	7
19201	7
18076	7
9010	4
7120	3
9500	4
3437	2
7069	3
10506	4
6702	3
6341	3
15795	6
3741	2
15670	6
6589	3
16094	6
11944	5
7368	3
3635	2
11838	5
13453	5
16037	6
10085	4
7684	3
20747	8
7416	3
12251	5
20953	8
20998	8
7335	3
18708	7
21485	8
16181	6
18967	7
12457	5
12829	5
3960	2
3865	2
12476	5
20957	8
9833	4
20896	8
9170	4
9937	4
12484	5
4070	2
13098	5
4383	2
18047	7
5989	3
7474	3
15430	6
6941	3
18792	7
9901	4
7625	3
7530	3
10159	4
12231	5
20902	8
9843	4
12669	5
15438	6
4200	2
18433	7
12724	5
6498	3
18131	7
18689	7
21563	8
7577	3
16414	6
15537	6
21034	8
20762	8
8878	4
9090	4
19242	7
3041	2
7297	3
9266	4
12822	5
18095	7
4457	2
16307	6
21521	8
18173	7
12836	5
19318	7
12928	5
13412	5
6490	3
15972	6
16488	6
9053	4
9176	4
9164	4
21096	8
6431	3
15721	6
16222	6
10151	4
12418	5
10165	4
7382	3
13258	5
12726	5
16110	6
6694	3
4556	2
9853	4
10440	4
12278	5
10359	4
14869	6
4198	2
18153	7
6522	3
3931	2
19514	7
16573	6
15251	6
6632	3
6991	3
9118	4
6947	3
18908	7
9971	4
9832	4
12762	5
10131	4
3230	2
17843	7
18958	7
19300	7
12544	5
11933	5
13302	5
10367	4
16630	6
21514	8
16084	6
12903	5
19366	7
14917	6
6539	3
10304	4
19194	7
19295	7
18680	7
6974	3
13151	5
7698	3
13003	5
21433	8
11998	5
15498	6
15745	6
19500	7
19488	7
17969	7
9735	4
10351	4
18399	7
4651	2
8865	4
12870	5
12322	5
7326	3
6387	3
3625	2
19378	7
3672	2
10268	4
6783	3
12557	5
13235	5
10457	4
4473	2
14970	6
20847	8
6832	3
3456	2
10310	4
4388	2
7040	3
6154	3
7572	3
6529	3
21516	8
18255	7
8957	4
9670	4
6145	3
18537	7
16226	6
3009	2
17955	7
7325	3
6633	3
9046	4
9484	4
18479	7
18029	7
15446	6
12798	5
12905	5
10177	4
6255	3
15275	6
10642	4
7528	3
10563	4
10270	4
9166	4
7270	3
15195	6
15506	6
6398	3
15441	6
21416	8
6711	3
16539	6
15133	6
15818	6
8879	4
18517	7
15269	6
14906	6
6634	3
12054	5
15988	6
18718	7
10077	4
16601	6
21394	8
9897	4
19341	7
18404	7
10068	4
18696	7
15805	6
9032	4
15311	6
19434	7
3582	2
7292	3
21373	8
19505	7
7378	3
3291	2
13166	5
6691	3
6144	3
15749	6
18192	7
3771	2
10004	4
6081	3
21325	8
9634	4
9612	4
4618	2
13181	5
13222	5
16357	6
13543	5
16219	6
9273	4
12486	5
15065	6
4704	2
3583	2
10512	4
3776	2
4441	2
16412	6
7537	3
21055	8
15082	6
3502	2
16581	6
19443	7
15289	6
12083	5
13031	5
6287	3
6018	3
14936	6
19146	7
6289	3
18070	7
7383	3
12961	5
21502	8
19498	7
6343	3
20866	8
9623	4
15356	6
21621	8
13564	5
6391	3
18317	7
9652	4
21489	8
18894	7
6865	3
12741	5
10128	4
6342	3
19237	7
15992	6
12611	5
10556	4
14843	6
4777	2
15470	6
18717	7
18646	7
12893	5
14916	6
13502	5
8996	4
12817	5
15953	6
8884	4
13620	5
19417	7
3543	2
7512	3
9084	4
6816	3
3015	2
3120	2
20925	8
11965	5
15602	6
7211	3
10454	4
12648	5
6750	3
20942	8
18855	7
14950	6
9808	4
3623	2
16454	6
9732	4
4035	2
19126	7
6540	3
3896	2
4057	2
18377	7
15657	6
3401	2
7068	3
4594	2
6602	3
3935	2
20860	8
6890	3
15600	6
13405	5
9340	4
14877	6
15797	6
12818	5
3994	2
13016	5
4125	2
12138	5
6658	3
13585	5
18115	7
4362	2
15086	6
3668	2
13521	5
20824	8
19282	7
15411	6
19010	7
3924	2
10034	4
13205	5
4470	2
13137	5
7330	3
6696	3
6543	3
4213	2
17910	7
6930	3
10537	4
4066	2
4239	2
9395	4
10236	4
12218	5
12025	5
20908	8
21605	8
13481	5
8982	4
16533	6
13295	5
3949	2
16205	6
7109	3
12580	5
6322	3
9666	4
12320	5
15010	6
15214	6
12605	5
10007	4
13460	5
21269	8
9940	4
4329	2
4438	2
21103	8
16209	6
18677	7
15036	6
10141	4
20929	8
7216	3
19305	7
18530	7
9600	4
3079	2
12336	5
3389	2
6728	3
18279	7
18458	7
19302	7
21408	8
12392	5
7397	3
18933	7
16570	6
6724	3
18972	7
10566	4
13147	5
21277	8
4053	2
10089	4
4500	2
7190	3
4581	2
7133	3
16391	6
10258	4
21333	8
3967	2
9069	4
7157	3
15292	6
9374	4
9169	4
13079	5
13154	5
18829	7
10257	4
13601	5
9158	4
18052	7
6593	3
3026	2
8984	4
9449	4
7605	3
7575	3
18741	7
10276	4
10391	4
12915	5
18839	7
21541	8
3338	2
7642	3
15016	6
9555	4
6994	3
19278	7
9952	4
12516	5
4014	2
10634	4
18272	7
6831	3
3676	2
13228	5
12267	5
12747	5
15382	6
10429	4
12825	5
15963	6
3118	2
15687	6
15699	6
12393	5
20973	8
6600	3
18604	7
6518	3
15384	6
20725	8
16460	6
15671	6
15515	6
9550	4
16597	6
16490	6
6247	3
21070	8
7538	3
9040	4
14882	6
12221	5
9132	4
3162	2
13522	5
4289	2
4612	2
10471	4
12367	5
10505	4
3154	2
19262	7
4395	2
17889	7
19344	7
7186	3
4318	2
6892	3
6224	3
12685	5
3399	2
6815	3
12706	5
11981	5
15253	6
9004	4
3641	2
3440	2
4090	2
6828	3
3622	2
15437	6
18611	7
3039	2
13417	5
18915	7
7603	3
21431	8
16361	6
18379	7
4636	2
21279	8
3418	2
21296	8
15909	6
14931	6
15061	6
10533	4
21179	8
9519	4
10574	4
12503	5
21129	8
6966	3
7359	3
8868	4
6583	3
10307	4
7237	3
3691	2
17892	7
13262	5
15898	6
15341	6
13309	5
14967	6
15766	6
9362	4
12489	5
15322	6
10142	4
15686	6
3109	2
12352	5
15889	6
16622	6
15463	6
12855	5
16047	6
12229	5
16354	6
16169	6
3951	2
10478	4
3580	2
3735	2
3046	2
12936	5
15967	6
4548	2
10302	4
13491	5
16626	6
3169	2
20893	8
3564	2
16255	6
9239	4
10448	4
3467	2
9218	4
11961	5
3677	2
13350	5
3642	2
18703	7
18128	7
16228	6
9736	4
3197	2
8917	4
12924	5
19536	7
12795	5
20945	8
7448	3
19371	7
3165	2
15047	6
9759	4
7690	3
10357	4
7364	3
13213	5
12339	5
21529	8
16123	6
14940	6
13120	5
7524	3
6060	3
18484	7
15121	6
19106	7
15192	6
18334	7
15840	6
17864	7
11941	5
13039	5
12104	5
6480	3
13290	5
9565	4
9636	4
11985	5
17885	7
3602	2
15090	6
21411	8
18896	7
18835	7
9987	4
3871	2
11835	5
12614	5
13389	5
16302	6
5999	3
9227	4
8883	4
19339	7
3506	2
12642	5
9179	4
13130	5
3986	2
9635	4
19313	7
6192	3
7116	3
6996	3
4152	2
3814	2
3289	2
15127	6
7144	3
7154	3
6491	3
12121	5
17987	7
6551	3
15653	6
16250	6
21214	8
13249	5
6610	3
9333	4
9286	4
7606	3
13394	5
9834	4
13536	5
15152	6
12114	5
15297	6
16251	6
4647	2
4633	2
16199	6
9729	4
12573	5
19354	7
15844	6
4167	2
12465	5
9271	4
18558	7
4463	2
15546	6
4272	2
6925	3
7500	3
3317	2
12338	5
12228	5
15092	6
13624	5
10301	4
6381	3
13341	5
10559	4
12975	5
12694	5
21533	8
3509	2
9581	4
9930	4
16183	6
16108	6
3375	2
18550	7
6548	3
16439	6
18888	7
10148	4
7045	3
7489	3
20764	8
12749	5
16466	6
10334	4
9724	4
12285	5
20870	8
9549	4
12147	5
16009	6
3626	2
9589	4
12772	5
9790	4
15780	6
16550	6
7079	3
6109	3
9694	4
3832	2
13006	5
19107	7
9107	4
4578	2
4449	2
9909	4
3268	2
4506	2
6148	3
14948	6
12979	5
18156	7
9518	4
3208	2
20949	8
4541	2
18468	7
9994	4
12917	5
3246	2
17857	7
16234	6
3875	2
15233	6
3647	2
18897	7
10435	4
6919	3
18001	7
9855	4
10025	4
19191	7
3144	2
20769	8
17986	7
4042	2
12172	5
19027	7
15865	6
12782	5
8999	4
18040	7
15074	6
13300	5
9861	4
18160	7
7174	3
16503	6
3040	2
9992	4
6419	3
11986	5
6784	3
7302	3
12885	5
12010	5
8929	4
8955	4
21454	8
15078	6
4071	2
18064	7
4435	2
4319	2
4459	2
7628	3
9685	4
10163	4
4277	2
9439	4
15271	6
9456	4
8944	4
20962	8
15370	6
15824	6
3445	2
19410	7
3201	2
8953	4
4178	2
19174	7
12464	5
12820	5
16010	6
16323	6
6676	3
10492	4
9976	4
7342	3
7620	3
17873	7
3094	2
14956	6
7396	3
7441	3
7507	3
3303	2
18539	7
6204	3
4434	2
14937	6
19171	7
6063	3
13091	5
11885	5
12374	5
9171	4
16487	6
6244	3
3395	2
9699	4
6795	3
19474	7
12397	5
9640	4
4728	2
14923	6
9822	4
7126	3
5992	3
6558	3
6785	3
19545	7
6984	3
9710	4
7460	3
19436	7
17903	7
13023	5
3213	2
21158	8
15142	6
15774	6
15815	6
3116	2
19467	7
15239	6
9886	4
21130	8
19352	7
21443	8
14841	6
16139	6
20919	8
16456	6
3457	2
7471	3
3972	2
4149	2
13432	5
12424	5
16119	6
18417	7
16328	6
21355	8
19253	7
12994	5
11945	5
12727	5
4292	2
6477	3
11960	5
21057	8
21418	8
11939	5
7236	3
7225	3
3335	2
9797	4
9076	4
16180	6
9437	4
4708	2
9249	4
3080	2
10156	4
16076	6
15823	6
3370	2
12330	5
4219	2
21589	8
3608	2
18684	7
15626	6
12744	5
7607	3
9078	4
18229	7
19217	7
12522	5
12199	5
18371	7
20742	8
6510	3
7169	3
10058	4
19462	7
12331	5
21286	8
4010	2
16012	6
9372	4
15102	6
4160	2
20785	8
4428	2
3854	2
3488	2
18071	7
2985	2
17886	7
7085	3
16070	6
10286	4
6880	3
7131	3
3452	2
4730	2
7418	3
3627	2
10275	4
10027	4
4643	2
18260	7
10519	4
6076	3
9274	4
6496	3
4408	2
8951	4
15335	6
13158	5
9459	4
15529	6
12335	5
9870	4
15247	6
7118	3
10536	4
9317	4
10606	4
6237	3
13611	5
16632	6
18603	7
13041	5
10097	4
15243	6
12422	5
21463	8
12804	5
15415	6
9406	4
17951	7
15876	6
3770	2
3962	2
17938	7
13227	5
15059	6
7559	3
13084	5
6121	3
9684	4
17881	7
4683	2
18213	7
3536	2
15885	6
13097	5
7493	3
7346	3
3861	2
12153	5
15792	6
4696	2
15287	6
4163	2
9917	4
21106	8
12720	5
9471	4
7261	3
6727	3
21620	8
12569	5
15585	6
18922	7
15714	6
15684	6
7520	3
6097	3
18874	7
6269	3
10576	4
13373	5
10272	4
9268	4
10510	4
3410	2
21102	8
7343	3
19428	7
12058	5
12351	5
12719	5
13267	5
9509	4
16387	6
19271	7
19118	7
21016	8
13136	5
4558	2
15625	6
9450	4
13191	5
17891	7
16177	6
15928	6
7521	3
4547	2
13592	5
18132	7
6328	3
18722	7
3152	2
13265	5
6180	3
15525	6
4371	2
6487	3
9605	4
10271	4
19020	7
4271	2
6105	3
20831	8
12103	5
12711	5
18660	7
12314	5
6115	3
9410	4
13411	5
9061	4
10479	4
18986	7
17859	7
12263	5
6137	3
6624	3
19322	7
3968	2
15755	6
15093	6
6751	3
4768	2
7152	3
10603	4
15874	6
7459	3
10421	4
16091	6
6040	3
6472	3
6802	3
16511	6
4766	2
6406	3
15694	6
18811	7
12398	5
20932	8
17838	7
4278	2
4451	2
12211	5
9159	4
7562	3
3785	2
6178	3
18808	7
16492	6
14851	6
18006	7
6159	3
21163	8
9146	4
16025	6
6884	3
11890	5
6768	3
19051	7
12055	5
9680	4
6185	3
19249	7
4725	2
12372	5
17947	7
9082	4
12187	5
13555	5
4145	2
6520	3
12232	5
3878	2
12101	5
20923	8
3779	2
15851	6
7017	3
3544	2
4671	2
6682	3
3695	2
19173	7
13190	5
9242	4
9602	4
18396	7
13124	5
10388	4
20996	8
10032	4
4431	2
7490	3
4069	2
4570	2
7618	3
3014	2
11969	5
15724	6
19391	7
19464	7
21623	8
10200	4
13370	5
13196	5
18797	7
6675	3
6585	3
4610	2
7372	3
6246	3
6987	3
4579	2
3566	2
9063	4
13528	5
15767	6
9742	4
15936	6
14858	6
9546	4
15607	6
12649	5
15293	6
21558	8
3431	2
16398	6
6493	3
3739	2
6043	3
12912	5
4350	2
21073	8
15100	6
19397	7
18277	7
18996	7
15252	6
18923	7
18873	7
16524	6
6500	3
16435	6
15645	6
4413	2
9016	4
12479	5
12962	5
15532	6
16184	6
16264	6
6821	3
15426	6
4492	2
13064	5
10015	4
21426	8
18234	7
20800	8
3950	2
16014	6
19124	7
19477	7
13114	5
9007	4
4166	2
16024	6
15433	6
13134	5
17989	7
15754	6
20717	8
12925	5
15580	6
20897	8
7250	3
12715	5
19497	7
19130	7
7395	3
3244	2
14836	6
10458	4
15590	6
7426	3
10109	4
12946	5
4510	2
15440	6
10038	4
10417	4
9566	4
15565	6
18390	7
4537	2
3030	2
21442	8
21140	8
17928	7
16008	6
7672	3
15095	6
6099	3
21457	8
15888	6
21021	8
6603	3
15018	6
9936	4
17954	7
6022	3
4684	2
3249	2
18852	7
10291	4
17957	7
10564	4
21360	8
9037	4
7139	3
12683	5
3855	2
3708	2
11954	5
3025	2
3654	2
6714	3
4530	2
3811	2
19153	7
15114	6
13234	5
15210	6
10639	4
12245	5
3400	2
12416	5
15673	6
21238	8
9787	4
18146	7
3604	2
19086	7
9044	4
16113	6
15886	6
7664	3
7408	3
21448	8
12022	5
6423	3
9224	4
2993	2
10228	4
11959	5
19364	7
11957	5
4285	2
4586	2
15648	6
3869	2
9045	4
9646	4
12135	5
13487	5
15550	6
15828	6
19369	7
6847	3
16211	6
7291	3
12220	5
6126	3
15871	6
21412	8
7371	3
12180	5
4367	2
9282	4
15920	6
21281	8
15296	6
13029	5
17944	7
6217	3
6388	3
6866	3
18927	7
6697	3
19393	7
10488	4
12862	5
18344	7
7568	3
18307	7
12120	5
6891	3
4222	2
3655	2
18355	7
16594	6
16176	6
16376	6
19512	7
6678	3
16568	6
18813	7
9350	4
6827	3
9668	4
8956	4
9115	4
13508	5
4546	2
18934	7
15326	6
9329	4
7087	3
15723	6
16552	6
18037	7
15890	6
4674	2
3358	2
15570	6
20771	8
3499	2
6857	3
20759	8
3130	2
6904	3
18551	7
15042	6
18424	7
15473	6
18189	7
18067	7
9860	4
16544	6
19227	7
3159	2
8959	4
4038	2
19448	7
18501	7
19132	7
7290	3
9892	4
18222	7
13409	5
10281	4
3528	2
4062	2
18883	7
12276	5
7210	3
13607	5
10612	4
20751	8
9745	4
7004	3
11902	5
16318	6
21256	8
2996	2
18702	7
12598	5
12559	5
15267	6
19314	7
11862	5
21215	8
21329	8
6898	3
7032	3
7002	3
21111	8
15146	6
3179	2
15741	6
12877	5
13203	5
13563	5
18924	7
6138	3
8931	4
3880	2
9326	4
18602	7
4258	2
13095	5
19078	7
18570	7
4216	2
9954	4
4667	2
15099	6
7485	3
6717	3
7576	3
19110	7
3281	2
21240	8
14941	6
12751	5
14842	6
18265	7
20992	8
18337	7
21345	8
15240	6
7440	3
12541	5
15486	6
15790	6
4156	2
7376	3
12537	5
21300	8
13512	5
7420	3
4417	2
6173	3
17997	7
13075	5
21061	8
19248	7
4702	2
13250	5
12364	5
20947	8
17985	7
21092	8
4481	2
3379	2
7542	3
13390	5
4135	2
3100	2
18549	7
20965	8
11904	5
15719	6
13401	5
6804	3
7140	3
12259	5
4374	2
21148	8
12048	5
3671	2
6379	3
12640	5
4515	2
12831	5
19257	7
15975	6
21136	8
10508	4
13272	5
18757	7
21110	8
15733	6
15080	6
8948	4
9127	4
5980	3
12564	5
18121	7
18825	7
13381	5
12428	5
7009	3
9681	4
9356	4
18041	7
9247	4
12296	5
20743	8
6933	3
4352	2
13005	5
19562	7
12452	5
14885	6
6734	3
21511	8
4690	2
10460	4
12090	5
18211	7
3219	2
12942	5
3553	2
3142	2
6378	3
7029	3
18250	7
12977	5
21599	8
19032	7
18960	7
9299	4
10383	4
18647	7
15319	6
7377	3
21026	8
14914	6
4520	2
18733	7
9131	4
6481	3
6302	3
21592	8
16053	6
15966	6
16388	6
19200	7
13299	5
15592	6
18349	7
10534	4
3365	2
10227	4
6618	3
6073	3
21077	8
6976	3
18196	7
16375	6
12069	5
10467	4
18782	7
16003	6
3469	2
18860	7
15811	6
15070	6
7463	3
21122	8
15215	6
3397	2
10261	4
10598	4
10104	4
6169	3
21421	8
11935	5
15132	6
18082	7
18536	7
12046	5
10121	4
12889	5
16584	6
7267	3
4491	2
14896	6
3689	2
12554	5
7613	3
19138	7
15658	6
13321	5
4616	2
12144	5
12755	5
19382	7
9804	4
3408	2
7483	3
16029	6
7019	3
14890	6
18108	7
9369	4
3155	2
15789	6
7056	3
16367	6
9092	4
19266	7
6448	3
17869	7
6899	3
13315	5
18995	7
15060	6
21330	8
6607	3
8902	4
16322	6
19420	7
15400	6
3167	2
6168	3
19179	7
12270	5
4608	2
9887	4
18257	7
20900	8
13113	5
3210	2
2979	2
15867	6
6779	3
6916	3
14980	6
12169	5
12482	5
18169	7
13018	5
21120	8
6253	3
9254	4
7387	3
6894	3
4649	2
4680	2
18467	7
7667	3
7510	3
11924	5
15173	6
3129	2
6222	3
6534	3
9446	4
19287	7
4654	2
3107	2
18320	7
15134	6
12555	5
15452	6
19071	7
4681	2
15562	6
7419	3
4095	2
6951	3
7629	3
18053	7
19315	7
11841	5
6280	3
18853	7
6628	3
7650	3
13347	5
4749	2
7127	3
7265	3
3471	2
21087	8
7104	3
19151	7
13380	5
13410	5
19517	7
10546	4
7037	3
10248	4
19015	7
18492	7
14964	6
18381	7
4682	2
6486	3
3743	2
12317	5
4549	2
4399	2
12049	5
12082	5
19059	7
9540	4
10033	4
13548	5
14849	6
11973	5
7654	3
19499	7
9104	4
12325	5
16311	6
3899	2
6521	3
3091	2
9683	4
16615	6
9283	4
3394	2
21315	8
10342	4
3465	2
12145	5
18701	7
21531	8
6087	3
4131	2
12176	5
9647	4
14905	6
10578	4
14986	6
19494	7
13484	5
16309	6
16002	6
10269	4
6120	3
4161	2
6999	3
15904	6
21633	8
10214	4
15460	6
18044	7
16131	6
3479	2
9847	4
14918	6
21578	8
6707	3
20733	8
15343	6
3573	2
11923	5
21601	8
7137	3
18022	7
9617	4
21167	8
15973	6
3722	2
10585	4
18779	7
13278	5
12610	5
18706	7
6968	3
15575	6
4324	2
14867	6
20888	8
8873	4
7208	3
9005	4
6128	3
20745	8
7541	3
4215	2
15596	6
15511	6
6111	3
3978	2
8889	4
3273	2
9411	4
18491	7
17976	7
7333	3
6988	3
4396	2
12791	5
7458	3
7026	3
10481	4
9305	4
16243	6
15492	6
4392	2
18126	7
10535	4
7604	3
21611	8
9775	4
7428	3
6347	3
4734	2
12332	5
16627	6
10024	4
3115	2
18931	7
3153	2
9190	4
18666	7
12095	5
3867	2
13387	5
13268	5
19003	7
3126	2
6982	3
12216	5
9232	4
12304	5
16158	6
13229	5
15503	6
9661	4
20778	8
3856	2
17913	7
21192	8
19348	7
15507	6
11952	5
4046	2
7006	3
12843	5
12830	5
16444	6
15320	6
18983	7
3439	2
13133	5
4677	2
15206	6
19525	7
10061	4
9920	4
3082	2
17935	7
13420	5
12953	5
7348	3
18650	7
6820	3
21031	8
18154	7
18089	7
19122	7
15521	6
15980	6
9660	4
13579	5
6748	3
4089	2
12350	5
15893	6
15367	6
9157	4
6077	3
18597	7
8904	4
7266	3
19503	7
6305	3
21351	8
3192	2
18080	7
15798	6
6731	3
3019	2
16332	6
6567	3
4411	2
3269	2
17879	7
9364	4
6010	3
18167	7
10439	4
13369	5
6194	3
19320	7
10626	4
13212	5
9050	4
3742	2
9324	4
15028	6
11846	5
4624	2
11874	5
7101	3
16404	6
3754	2
19495	7
16262	6
15981	6
15489	6
10485	4
16536	6
18843	7
6927	3
7095	3
7481	3
13440	5
21007	8
16619	6
7413	3
16095	6
19289	7
9123	4
19143	7
8950	4
4063	2
4678	2
9835	4
13073	5
13444	5
10397	4
12512	5
4051	2
12553	5
13363	5
16316	6
18939	7
14998	6
12257	5
13344	5
15447	6
6609	3
4554	2
12657	5
6354	3
13479	5
12435	5
18130	7
6411	3
3653	2
12288	5
3615	2
6344	3
15407	6
7511	3
10209	4
7491	3
12604	5
19265	7
10524	4
7633	3
3974	2
12656	5
10250	4
6071	3
4577	2
4106	2
7687	3
18340	7
4512	2
21022	8
7534	3
19209	7
9639	4
15075	6
6385	3
7165	3
13204	5
13395	5
10572	4
15396	6
11889	5
12450	5
3341	2
12613	5
10552	4
6366	3
18087	7
20906	8
18732	7
9008	4
3084	2
17841	7
4080	2
6110	3
17876	7
16111	6
16252	6
6134	3
12792	5
21332	8
10599	4
3013	2
7194	3
8991	4
21573	8
9579	4
19303	7
15618	6
3873	2
12499	5
10409	4
6680	3
9679	4
9773	4
19403	7
18631	7
16586	6
6961	3
13165	5
3790	2
3808	2
16572	6
18637	7
11912	5
19181	7
10586	4
11946	5
15187	6
9430	4
4044	2
3352	2
4375	2
15819	6
9447	4
20853	8
7050	3
15961	6
7200	3
4562	2
7337	3
4327	2
8969	4
19050	7
3292	2
9764	4
9188	4
4685	2
18473	7
21175	8
15894	6
12892	5
10175	4
15606	6
14835	6
15571	6
10112	4
21505	8
18193	7
10294	4
12212	5
6652	3
18945	7
5996	3
10380	4
18615	7
14979	6
9487	4
12600	5
6213	3
9510	4
15832	6
16389	6
15759	6
7317	3
4376	2
18302	7
10245	4
7708	3
6197	3
4561	2
9136	4
10472	4
3725	2
18842	7
11917	5
9488	4
9233	4
6355	3
17897	7
18088	7
18266	7
13277	5
9628	4
13282	5
8864	4
7062	3
6896	3
16268	6
4519	2
19127	7
18730	7
6931	3
13033	5
18576	7
6488	3
16248	6
16459	6
9688	4
21058	8
16497	6
12449	5
4747	2
2990	2
6705	3
17850	7
13017	5
4082	2
16344	6
3970	2
20833	8
14881	6
4378	2
16067	6
9003	4
4254	2
15429	6
12680	5
9155	4
21512	8
20901	8
3650	2
10451	4
18096	7
15568	6
15597	6
7547	3
6663	3
16399	6
13168	5
6446	3
17930	7
16431	6
4474	2
10190	4
6993	3
12188	5
6709	3
7036	3
12539	5
17918	7
21393	8
14997	6
9915	4
10461	4
15323	6
11958	5
3786	2
7239	3
9399	4
7494	3
15677	6
15892	6
10325	4
10273	4
9308	4
20735	8
13334	5
10203	4
15259	6
13493	5
13425	5
18851	7
18994	7
6084	3
6125	3
17858	7
10410	4
6172	3
14852	6
12421	5
16605	6
19335	7
12549	5
9417	4
3767	2
19280	7
21012	8
7677	3
3542	2
15674	6
6684	3
7067	3
6161	3
7105	3
14898	6
16430	6
15418	6
4207	2
6293	3
3511	2
10338	4
21507	8
7233	3
3178	2
18697	7
10607	4
11947	5
13261	5
4770	2
4313	2
12354	5
15295	6
7254	3
4036	2
12886	5
12001	5
6627	3
12667	5
8877	4
14942	6
3205	2
21115	8
12982	5
4511	2
19334	7
21198	8
10613	4
20732	8
9038	4
9192	4
15965	6
6210	3
3373	2
14915	6
13014	5
6483	3
3757	2
15465	6
4427	2
18892	7
12835	5
6867	3
9094	4
15639	6
21210	8
16631	6
2980	2
21449	8
6733	3
12146	5
15336	6
9380	4
9428	4
8914	4
10133	4
10341	4
6888	3
19291	7
13059	5
15617	6
18365	7
10003	4
15026	6
13083	5
6454	3
3123	2
9397	4
12697	5
12240	5
4169	2
3979	2
18449	7
6329	3
12873	5
18563	7
7699	3
6874	3
10483	4
6599	3
4055	2
15366	6
4436	2
14938	6
3485	2
9183	4
9423	4
10221	4
8918	4
11984	5
9816	4
15209	6
7220	3
3952	2
7602	3
9805	4
15265	6
13627	5
7000	3
4381	2
21579	8
11919	5
13218	5
11884	5
7443	3
4453	2
17861	7
12348	5
4187	2
4531	2
21369	8
17924	7
3825	2
6139	3
4462	2
11870	5
19408	7
3663	2
15051	6
12366	5
7655	3
8964	4
7235	3
12756	5
13327	5
18590	7
20849	8
12809	5
7013	3
6986	3
9001	4
3423	2
7227	3
4658	2
18194	7
3610	2
7549	3
11922	5
10185	4
7224	3
12628	5
16167	6
12625	5
4011	2
6855	3
13448	5
21208	8
19101	7
7488	3
12200	5
6132	3
3065	2
13342	5
3095	2
4440	2
15561	6
21471	8
6202	3
20821	8
15647	6
12271	5
15337	6
19542	7
13374	5
4507	2
7240	3
4291	2
21253	8
3138	2
11836	5
21438	8
18329	7
18330	7
21268	8
4397	2
9730	4
9947	4
19232	7
19424	7
9598	4
9030	4
6834	3
21154	8
3648	2
4064	2
12821	5
7074	3
21081	8
19349	7
16368	6
10168	4
3500	2
7703	3
4241	2
9511	4
18875	7
17983	7
18607	7
3746	2
8940	4
3932	2
9495	4
15711	6
15249	6
3892	2
15977	6
9929	4
9331	4
3959	2
3618	2
3258	2
18463	7
15668	6
21008	8
4659	2
15076	6
18238	7
12077	5
16365	6
8963	4
18837	7
4564	2
13354	5
16041	6
9256	4
18588	7
7319	3
7158	3
9444	4
4741	2
6629	3
6397	3
3272	2
15573	6
18768	7
9796	4
18346	7
20884	8
10525	4
10415	4
7354	3
3114	2
19168	7
18885	7
3768	2
9345	4
12111	5
3413	2
7196	3
7487	3
16614	6
4224	2
7298	3
4421	2
13495	5
9692	4
12833	5
3866	2
7027	3
9262	4
9837	4
15764	6
10152	4
16538	6
15057	6
3430	2
12122	5
12262	5
18618	7
6451	3
17863	7
15628	6
8924	4
12776	5
13184	5
18235	7
6774	3
9251	4
3342	2
12799	5
19422	7
9193	4
21569	8
13509	5
10441	4
15576	6
21160	8
16423	6
12844	5
4214	2
4584	2
16393	6
15376	6
7393	3
13428	5
3620	2
6017	3
6129	3
15455	6
3103	2
10387	4
3698	2
15502	6
12329	5
15700	6
4761	2
21064	8
10428	4
13397	5
12391	5
13358	5
19527	7
3071	2
16464	6
12072	5
3486	2
16230	6
11908	5
12080	5
18325	7
3612	2
6677	3
7693	3
9196	4
18152	7
4403	2
21291	8
7569	3
6327	3
6058	3
10242	4
15218	6
18654	7
6075	3
18306	7
10078	4
3257	2
9856	4
15583	6
21577	8
19473	7
15753	6
3403	2
12003	5
18712	7
7670	3
4607	2
15420	6
12471	5
13475	5
18300	7
13445	5
9649	4
18617	7
3552	2
18151	7
4103	2
18418	7
15258	6
9376	4
16031	6
15125	6
7168	3
18954	7
10371	4
6596	3
18579	7
9979	4
3226	2
12093	5
9237	4
13497	5
4006	2
20904	8
12590	5
6263	3
10154	4
12024	5
12440	5
3164	2
16336	6
15682	6
6760	3
15530	6
16015	6
5988	3
9143	4
19286	7
21604	8
15040	6
15191	6
18498	7
12890	5
10108	4
15379	6
6939	3
7296	3
12940	5
12692	5
18187	7
6353	3
18406	7
19229	7
12620	5
10052	4
3685	2
10581	4
3584	2
4159	2
7476	3
20910	8
6421	3
6025	3
10343	4
3133	2
13280	5
18601	7
6070	3
10605	4
6033	3
18862	7
6962	3
19224	7
17949	7
19026	7
6095	3
3419	2
15461	6
9225	4
13631	5
2991	2
4385	2
10544	4
15681	6
4465	2
3611	2
3514	2
9514	4
21164	8
18445	7
9057	4
15149	6
16474	6
18314	7
3789	2
7539	3
15462	6
10176	4
8872	4
15153	6
6013	3
9645	4
9996	4
18283	7
8935	4
13618	5
10137	4
7560	3
13080	5
15661	6
12126	5
6910	3
12396	5
13217	5
21251	8
6027	3
3805	2
4048	2
15345	6
15816	6
19096	7
19057	7
12235	5
12775	5
10617	4
10123	4
10621	4
21539	8
8870	4
12802	5
9839	4
10571	4
15850	6
12586	5
3119	2
16200	6
7039	3
3945	2
19496	7
6000	3
12406	5
6642	3
3321	2
12687	5
13111	5
12790	5
4673	2
15712	6
3719	2
3902	2
16065	6
16026	6
18110	7
10482	4
18738	7
15762	6
9039	4
9148	4
6151	3
20818	8
7315	3
3810	2
7086	3
9537	4
9006	4
9388	4
16285	6
18135	7
11829	5
16583	6
10000	4
10060	4
12887	5
13051	5
9116	4
18164	7
12859	5
7207	3
13054	5
10463	4
15428	6
12781	5
3993	2
18752	7
21190	8
10422	4
6208	3
4073	2
18620	7
21075	8
8961	4
12866	5
9507	4
12528	5
15524	6
18762	7
15213	6
4386	2
7030	3
9995	4
3099	2
9135	4
16521	6
3515	2
16078	6
9689	4
15902	6
7284	3
3585	2
4284	2
18600	7
15390	6
6744	3
4771	2
14976	6
10079	4
21235	8
4401	2
18672	7
7438	3
9821	4
6403	3
12468	5
18538	7
10210	4
16462	6
12556	5
12401	5
10628	4
9178	4
20846	8
12787	5
7465	3
4043	2
13424	5
6825	3
18036	7
7273	3
9128	4
21065	8
13398	5
19326	7
16592	6
7623	3
14955	6
13189	5
9779	4
15442	6
10305	4
21138	8
19333	7
4032	2
12691	5
14993	6
6870	3
21365	8
3331	2
21526	8
10592	4
10158	4
3549	2
15932	6
15707	6
15785	6
12920	5
13232	5
15145	6
6720	3
19199	7
6196	3
4600	2
12094	5
14988	6
3018	2
11918	5
12578	5
19482	7
16245	6
18480	7
3835	2
9748	4
11964	5
15468	6
4081	2
15397	6
13013	5
6983	3
6528	3
11849	5
16165	6
4391	2
20913	8
18586	7
15035	6
6788	3
15499	6
6466	3
19221	7
16411	6
12709	5
3541	2
21413	8
15183	6
10101	4
15695	6
8993	4
11932	5
4193	2
16566	6
16386	6
14892	6
17906	7
21271	8
15778	6
9889	4
4068	2
12778	5
3922	2
6162	3
9416	4
21494	8
16054	6
11855	5
12254	5
4602	2
12847	5
17966	7
10308	4
9316	4
9970	4
6689	3
4744	2
3438	2
10191	4
13161	5
13413	5
19544	7
18542	7
10290	4
18678	7
4450	2
12286	5
10521	4
17916	7
19478	7
4196	2
13162	5
12566	5
12152	5
17901	7
18593	7
16168	6
15069	6
12405	5
15763	6
16578	6
3990	2
6489	3
16504	6
10041	4
9620	4
16371	6
4016	2
18573	7
13025	5
18221	7
3773	2
12478	5
16236	6
12958	5
21042	8
10247	4
4176	2
3150	2
3816	2
12129	5
6622	3
6611	3
7527	3
15148	6
4623	2
13546	5
8880	4
7627	3
13022	5
9962	4
12856	5
8994	4
3135	2
20775	8
19123	7
18124	7
10164	4
8983	4
3721	2
10375	4
12346	5
15982	6
21230	8
10541	4
20918	8
3651	2
3791	2
20882	8
9850	4
6270	3
4128	2
15810	6
9312	4
16306	6
3323	2
18624	7
3674	2
13492	5
10202	4
9019	4
4022	2
4320	2
6661	3
18713	7
6568	3
10235	4
4656	2
9097	4
11840	5
17836	7
9052	4
16400	6
15531	6
4384	2
12923	5
15033	6
3288	2
19290	7
7626	3
6430	3
12389	5
10300	4
12574	5
3819	2
18442	7
15948	6
10207	4
7414	3
3092	2
19214	7
3801	2
4269	2
4698	2
6639	3
3012	2
12073	5
9619	4
9713	4
4339	2
14939	6
15161	6
16428	6
21280	8
21004	8
12626	5
12634	5
20917	8
18066	7
19388	7
18172	7
20804	8
3948	2
18676	7
6089	3
16109	6
14954	6
19072	7
12591	5
14848	6
15256	6
18225	7
21294	8
15194	6
3720	2
7704	3
18485	7
14966	6
9878	4
18364	7
13408	5
12956	5
4380	2
13375	5
18765	7
7345	3
10326	4
4052	2
7361	3
13289	5
13423	5
15136	6
18566	7
12098	5
18109	7
13606	5
6995	3
4060	2
13185	5
15750	6
3223	2
21460	8
9554	4
15101	6
19285	7
9147	4
9124	4
12761	5
4426	2
16485	6
4262	2
16424	6
4662	2
15569	6
21476	8
18856	7
10332	4
6515	3
4773	2
6801	3
8952	4
3325	2
21203	8
16051	6
6359	3
15257	6
12162	5
12593	5
9788	4
13105	5
10641	4
18990	7
15449	6
14880	6
12362	5
11977	5
13330	5
16141	6
6619	3
21089	8
15482	6
9885	4
18535	7
19202	7
9438	4
7123	3
21570	8
4049	2
7061	3
18021	7
13605	5
18574	7
16122	6
9479	4
13239	5
6594	3
15013	6
3333	2
3187	2
3956	2
13292	5
10218	4
7473	3
21037	8
15738	6
9957	4
18098	7
4535	2
13581	5
11983	5
9814	4
8965	4
16377	6
7188	3
9055	4
14974	6
19458	7
17964	7
2984	2
21405	8
15924	6
9404	4
18943	7
20879	8
18005	7
3180	2
15542	6
10105	4
13225	5
16216	6
3194	2
12639	5
3432	2
14978	6
3090	2
21072	8
15812	6
16390	6
4223	2
12156	5
3186	2
16455	6
4132	2
4523	2
6934	3
10549	4
6764	3
3852	2
12108	5
12498	5
7611	3
8938	4
4639	2
16040	6
21487	8
9780	4
11853	5
4026	2
6065	3
19055	7
9103	4
18384	7
12158	5
7136	3
19538	7
15164	6
18284	7
17846	7
3989	2
14925	6
13177	5
10162	4
12658	5
20768	8
15938	6
7466	3
7305	3
13482	5
18903	7
12247	5
4041	2
4393	2
12861	5
16379	6
19036	7
12736	5
7561	3
7501	3
21525	8
16314	6
15654	6
18979	7
4469	2
6484	3
9253	4
13505	5
13010	5
8960	4
7215	3
18090	7
7038	3
4280	2
21183	8
12044	5
9240	4
9516	4
13610	5
15758	6
6541	3
20983	8
10496	4
7578	3
18743	7
9363	4
7551	3
16019	6
12344	5
13503	5
12268	5
10468	4
6334	3
9093	4
8900	4
7112	3
15989	6
10296	4
7639	3
12019	5
6656	3
2997	2
3098	2
6776	3
16072	6
7586	3
19049	7
8913	4
18363	7
9067	4
13623	5
10225	4
3265	2
3709	2
16297	6
17940	7
18288	7
16519	6
13447	5
12793	5
12826	5
21052	8
9978	4
3614	2
9731	4
16195	6
12552	5
17939	7
21211	8
10466	4
6356	3
12645	5
16617	6
16034	6
6637	3
9717	4
11880	5
7432	3
13496	5
13367	5
12419	5
9018	4
10529	4
18766	7
15854	6
12547	5
10384	4
18547	7
13449	5
16044	6
8927	4
9823	4
16562	6
18836	7
12898	5
18964	7
7447	3
7059	3
17981	7
12919	5
9261	4
15971	6
10312	4
20936	8
6171	3
18366	7
10067	4
20895	8
3909	2
12032	5
18584	7
15106	6
19312	7
16267	6
9204	4
15023	6
19274	7
21237	8
10523	4
15705	6
9523	4
16337	6
7180	3
7082	3
3136	2
15588	6
18571	7
14913	6
19094	7
16249	6
18408	7
4146	2
13042	5
3199	2
16016	6
6563	3
8911	4
7467	3
6453	3
14927	6
18868	7
14865	6
3387	2
18419	7
17979	7
3256	2
4164	2
19147	7
3057	2
18352	7
21091	8
3700	2
18395	7
9149	4
19405	7
19472	7
9401	4
20993	8
15533	6
18807	7
9774	4
18508	7
10166	4
9002	4
7232	3
3495	2
9593	4
13241	5
6452	3
14838	6
7475	3
9611	4
15560	6
19471	7
13486	5
18841	7
13082	5
19222	7
17875	7
6621	3
16295	6
12690	5
18210	7
15676	6
18023	7
13233	5
15083	6
18256	7
17936	7
12287	5
4151	2
6584	3
3781	2
9294	4
15669	6
10604	4
10528	4
9613	4
12769	5
19190	7
15704	6
13499	5
9365	4
12042	5
4443	2
4542	2
18649	7
14855	6
13612	5
21462	8
15480	6
15374	6
6067	3
15680	6
6970	3
4726	2
19017	7
6799	3
16598	6
4312	2
20716	8
6630	3
13094	5
15835	6
18416	7
20928	8
14874	6
6604	3
18511	7
6309	3
12981	5
6752	3
19441	7
12206	5
15351	6
6365	3
6039	3
9457	4
12707	5
10146	4
10120	4
16602	6
12988	5
10400	4
16161	6
4116	2
7097	3
13188	5
9209	4
9267	4
9916	4
9704	4
7564	3
3947	2
15281	6
3424	2
13442	5
16305	6
4750	2
3128	2
16335	6
18616	7
7442	3
21045	8
19459	7
6844	3
19083	7
12349	5
9336	4
19360	7
9616	4
4115	2
6886	3
16150	6
16287	6
18075	7
16118	6
16022	6
9315	4
9275	4
3193	2
18350	7
9806	4
12043	5
7103	3
18240	7
7076	3
12494	5
7468	3
13323	5
3570	2
6352	3
4772	2
10072	4
18386	7
16145	6
15736	6
6203	3
16516	6
3308	2
18244	7
13078	5
3815	2
7028	3
15839	6
10110	4
3574	2
20987	8
10252	4
7484	3
3802	2
12265	5
3884	2
9562	4
7089	3
21074	8
10144	4
3607	2
14987	6
13007	5
9693	4
7706	3
15855	6
4731	2
21116	8
7043	3
16254	6
9113	4
4177	2
4084	2
12521	5
8968	4
10189	4
18502	7
13603	5
18787	7
9265	4
4572	2
13273	5
18100	7
9846	4
21519	8
6806	3
18817	7
14973	6
4693	2
4419	2
16558	6
19008	7
16531	6
13242	5
21220	8
10149	4
12131	5
16321	6
12840	5
6061	3
4497	2
18929	7
4226	2
9794	4
7445	3
10363	4
7145	3
19276	7
3713	2
4054	2
6545	3
20856	8
10377	4
15730	6
9594	4
3826	2
16174	6
9922	4
19387	7
3487	2
10330	4
11851	5
12302	5
9654	4
19491	7
6297	3
9499	4
16442	6
7161	3
19178	7
7257	3
9553	4
9980	4
3337	2
6835	3
13108	5
6772	3
14837	6
6299	3
15050	6
10423	4
9895	4
15262	6
4764	2
3340	2
7203	3
16612	6
6045	3
18405	7
6719	3
20940	8
15951	6
19330	7
10625	4
7566	3
3596	2
12929	5
10490	4
19233	7
6179	3
12355	5
12461	5
4129	2
9721	4
9896	4
15781	6
19327	7
16197	6
3954	2
9373	4
4484	2
18834	7
15024	6
19098	7
18890	7
14935	6
13243	5
9596	4
9948	4
16532	6
7645	3
13058	5
19292	7
16420	6
13152	5
9817	4
12394	5
7404	3
9750	4
9720	4
20914	8
10122	4
16062	6
15103	6
15826	6
6054	3
7204	3
7268	3
15901	6
13298	5
12584	5
6437	3
9603	4
9065	4
4336	2
6265	3
12535	5
21095	8
12497	5
18202	7
6977	3
10314	4
4379	2
4407	2
15595	6
17834	7
18564	7
20935	8
4366	2
3705	2
19385	7
9988	4
6157	3
3472	2
18754	7
19355	7
6948	3
3665	2
10135	4
19137	7
3195	2
10234	4
15784	6
9637	4
4478	2
9756	4
10143	4
3313	2
15860	6
3571	2
15519	6
12462	5
3002	2
16126	6
18578	7
3593	2
19256	7
18812	7
18129	7
18651	7
10026	4
9513	4
12872	5
7691	3
15334	6
10150	4
15353	6
13015	5
9281	4
7636	3
7163	3
7587	3
9343	4
7437	3
6116	3
15443	6
9426	4
8910	4
7601	3
13523	5
19211	7
6626	3
6683	3
13251	5
8906	4
19025	7
19501	7
18944	7
16300	6
9367	4
18321	7
21085	8
3777	2
3537	2
6955	3
20739	8
4232	2
21219	8
19112	7
6409	3
9338	4
19553	7
15746	6
10411	4
19099	7
9831	4
16530	6
15063	6
9293	4
6190	3
15760	6
18206	7
12085	5
3384	2
3228	2
4576	2
3339	2
12318	5
3928	2
3761	2
15193	6
18529	7
7016	3
7121	3
9848	4
15772	6
18354	7
16293	6
10118	4
9753	4
6002	3
9229	4
12224	5
6034	3
16510	6
16039	6
12704	5
9825	4
18392	7
6428	3
7332	3
9163	4
18117	7
9483	4
14868	6
13074	5
15659	6
13534	5
15903	6
7365	3
12009	5
4004	2
6712	3
3662	2
4072	2
17988	7
3497	2
3245	2
9035	4
15504	6
7080	3
16607	6
18165	7
10192	4
19254	7
4739	2
3764	2
12542	5
7352	3
9857	4
10116	4
6833	3
9334	4
6858	3
16000	6
16402	6
3478	2
7166	3
6937	3
4345	2
18136	7
3857	2
16036	6
10278	4
3987	2
9011	4
12018	5
15043	6
10504	4
7096	3
16606	6
3858	2
18864	7
2989	2
7063	3
15604	6
9768	4
17894	7
7666	3
12194	5
16077	6
9830	4
6183	3
6617	3
16565	6
4666	2
7230	3
14995	6
18619	7
15058	6
13123	5
3280	2
3069	2
13211	5
3863	2
12519	5
9705	4
12882	5
19180	7
7206	3
3762	2
3096	2
10171	4
9949	4
12653	5
15328	6
18572	7
3468	2
16098	6
13332	5
12907	5
12358	5
19056	7
9234	4
18973	7
3830	2
7162	3
10009	4
4185	2
19244	7
10231	4
15419	6
16164	6
12213	5
10347	4
3630	2
13547	5
6228	3
13256	5
7153	3
9934	4
21306	8
15574	6
20859	8
3380	2
15208	6
18338	7
15112	6
20878	8
19002	7
21617	8
4287	2
11858	5
7600	3
7107	3
21223	8
18301	7
4321	2
13148	5
18685	7
6459	3
16260	6
21143	8
3028	2
15690	6
16443	6
3888	2
18514	7
4137	2
13027	5
9284	4
19283	7
15864	6
4172	2
4245	2
10195	4
6942	3
18201	7
16629	6
8887	4
14991	6
20726	8
12734	5
9412	4
4409	2
15181	6
7246	3
18091	7
15009	6
6037	3
14992	6
9257	4
6320	3
13560	5
9498	4
7351	3
18039	7
6570	3
3172	2
6131	3
18759	7
3633	2
21309	8
9884	4
12444	5
5991	3
16115	6
19268	7
6928	3
13305	5
16405	6
19425	7
15641	6
21425	8
6274	3
21224	8
19555	7
17898	7
19547	7
10081	4
15458	6
5981	3
7531	3
18116	7
4075	2
18652	7
8946	4
19411	7
6735	3
18035	7
12852	5
18756	7
15908	6
18989	7
13110	5
3240	2
11860	5
16225	6
18984	7
15495	6
16066	6
9882	4
15113	6
5984	3
6042	3
11978	5
9402	4
13518	5
9682	4
12933	5
18332	7
21020	8
9323	4
18788	7
6383	3
9344	4
4295	2
3243	2
9185	4
6262	3
12448	5
13200	5
10018	4
13106	5
12536	5
12615	5
13047	5
16279	6
3297	2
4521	2
10037	4
9443	4
9081	4
16085	6
10406	4
16505	6
15586	6
18239	7
21477	8
4605	2
9462	4
3619	2
4424	2
13476	5
9431	4
18886	7
3724	2
12740	5
15513	6
10368	4
13067	5
6989	3
7015	3
10264	4
4663	2
4591	2
19197	7
9321	4
4746	2
21453	8
6338	3
18438	7
3294	2
9928	4
21101	8
3301	2
9743	4
7113	3
12681	5
9295	4
11943	5
7700	3
16523	6
13294	5
12089	5
7314	3
7024	3
13430	5
18348	7
15268	6
14860	6
19167	7
9990	4
12341	5
20861	8
15937	6
7269	3
15039	6
6753	3
9024	4
11997	5
3355	2
12492	5
11865	5
3563	2
21287	8
4302	2
13176	5
3717	2
9762	4
10545	4
16166	6
21479	8
3038	2
10094	4
19368	7
7499	3
3646	2
12944	5
16545	6
13164	5
13157	5
12524	5
18268	7
4706	2
15264	6
6425	3
9287	4
9974	4
3944	2
13314	5
9588	4
9068	4
16426	6
12914	5
3984	2
20985	8
15064	6
21151	8
9463	4
4400	2
6101	3
12443	5
12742	5
8973	4
8920	4
9845	4
15360	6
15409	6
3148	2
13257	5
10066	4
11832	5
3572	2
6747	3
12533	5
16198	6
3086	2
10065	4
20805	8
3425	2
6771	3
10215	4
9220	4
15159	6
9213	4
12910	5
18898	7
7362	3
16413	6
4503	2
9481	4
9533	4
9542	4
18955	7
12275	5
11921	5
8925	4
12470	5
18803	7
3766	2
9297	4
15770	6
12174	5
9891	4
12839	5
9464	4
16436	6
15355	6
12011	5
9795	4
6370	3
15427	6
15479	6
9653	4
15190	6
10283	4
18772	7
16240	6
12167	5
16591	6
11844	5
4100	2
7003	3
9865	4
20793	8
6718	3
9741	4
15640	6
15300	6
15003	6
4533	2
3264	2
10616	4
6136	3
9706	4
16206	6
18711	7
10346	4
9836	4
16163	6
4727	2
21540	8
6550	3
15944	6
19104	7
9872	4
13533	5
3111	2
13116	5
11888	5
19228	7
7277	3
18671	7
6871	3
16143	6
16265	6
21290	8
9818	4
20844	8
18413	7
18291	7
6123	3
6124	3
19070	7
15137	6
6685	3
3003	2
4153	2
3621	2
15523	6
4134	2
10327	4
8979	4
6215	3
4568	2
4117	2
19205	7
16259	6
12918	5
4622	2
9306	4
21307	8
4534	2
6586	3
21429	8
3306	2
11895	5
16283	6
7523	3
9089	4
6926	3
12568	5
13470	5
18683	7
12223	5
12701	5
3336	2
10588	4
9859	4
3727	2
12260	5
15008	6
18725	7
14928	6
10511	4
3311	2
8976	4
13360	5
3704	2
12828	5
16440	6
6679	3
6615	3
12139	5
6130	3
18016	7
12800	5
19024	7
12460	5
10513	4
14994	6
18999	7
6119	3
4769	2
6420	3
4211	2
9528	4
16097	6
12949	5
12966	5
3415	2
9137	4
7400	3
14894	6
7132	3
21060	8
15278	6
18327	7
7090	3
19345	7
17922	7
6701	3
14902	6
15062	6
17844	7
21054	8
6557	3
19162	7
15843	6
7329	3
19213	7
7001	3
15939	6
21339	8
9205	4
19007	7
21144	8
11968	5
12109	5
3609	2
18114	7
8947	4
13020	5
15079	6
9099	4
12379	5
2983	2
13355	5
15207	6
12723	5
19095	7
6165	3
3233	2
9557	4
16214	6
11863	5
7406	3
6590	3
15545	6
15716	6
12495	5
15608	6
19546	7
15827	6
9490	4
17915	7
9760	4
20930	8
7679	3
14930	6
21028	8
18275	7
12480	5
9890	4
15660	6
6133	3
18077	7
3085	2
3530	2
15038	6
6357	3
3670	2
10425	4
19559	7
9655	4
5983	3
3221	2
12631	5
10287	4
18426	7
9027	4
13104	5
7454	3
9191	4
19490	7
14911	6
12451	5
6069	3
15108	6
21480	8
18675	7
12290	5
12173	5
3697	2
13338	5
13596	5
3736	2
12059	5
12845	5
8866	4
9212	4
16310	6
9041	4
16004	6
19240	7
19156	7
18506	7
7072	3
16527	6
9881	4
4355	2
18203	7
11843	5
3104	2
13247	5
7540	3
6014	3
3958	2
18548	7
15842	6
13144	5
4123	2
18789	7
10056	4
3680	2
12668	5
6104	3
21414	8
21202	8
12258	5
20946	8
3405	2
12763	5
12493	5
3587	2
12841	5
7189	3
3293	2
19389	7
15623	6
21626	8
19457	7
16489	6
12597	5
13192	5
15459	6
4517	2
9541	4
18161	7
19038	7
4714	2
6938	3
7192	3
13438	5
18507	7
15905	6
16056	6
7615	3
6374	3
19537	7
14886	6
21478	8
11907	5
6285	3
13201	5
3017	2
11971	5
21379	8
20826	8
3690	2
19437	7
16207	6
4136	2
15255	6
10610	4
21482	8
12635	5
12214	5
13063	5
6090	3
16587	6
14924	6
6958	3
15786	6
7592	3
21255	8
19409	7
13317	5
16595	6
18977	7
3435	2
18343	7
19515	7
7388	3
3450	2
9060	4
12592	5
18580	7
6559	3
8989	4
4774	2
9852	4
4342	2
13072	5
19404	7
15960	6
12150	5
12589	5
12051	5
7143	3
15801	6
11916	5
18026	7
4074	2
10320	4
3033	2
4410	2
6296	3
15412	6
19533	7
18878	7
18546	7
6416	3
15627	6
9924	4
13602	5
15021	6
19054	7
12202	5
3955	2
4676	2
19028	7
3227	2
7041	3
18015	7
9033	4
6773	3
16383	6
21444	8
7052	3
3470	2
19140	7
6770	3
3374	2
20881	8
9119	4
12107	5
7134	3
4745	2
10442	4
9355	4
16188	6
17933	7
7508	3
19164	7
19120	7
9252	4
3594	2
15833	6
17991	7
16244	6
19463	7
9181	4
18369	7
16241	6
6108	3
16359	6
19363	7
10618	4
15155	6
16215	6
9958	4
18830	7
7635	3
18309	7
6943	3
6471	3
6964	3
11898	5
15168	6
3918	2
13122	5
7391	3
6841	3
6620	3
12878	5
16604	6
12002	5
10404	4
3904	2
7427	3
3910	2
21327	8
7084	3
6288	3
18962	7
19465	7
18264	7
12618	5
9302	4
13458	5
15475	6
16484	6
17853	7
10401	4
4721	2
13303	5
12050	5
18721	7
15622	6
15976	6
12617	5
15564	6
16007	6
15477	6
6710	3
4472	2
20899	8
6882	3
3382	2
3659	2
21398	8
4260	2
12913	5
9470	4
3997	2
19469	7
6363	3
20767	8
12281	5
16406	6
16006	6
4759	2
9515	4
9977	4
12432	5
4107	2
21003	8
9236	4
9173	4
16064	6
14839	6
13415	5
16140	6
4263	2
21535	8
13219	5
16380	6
6272	3
21014	8
10597	4
9301	4
15391	6
15474	6
10611	4
15072	6
9701	4
12745	5
21168	8
4458	2
16233	6
10093	4
10022	4
7195	3
21131	8
18740	7
7321	3
10361	4
3158	2
9392	4
15308	6
3694	2
4050	2
10328	4
12031	5
18764	7
20754	8
12576	5
13293	5
9573	4
10119	4
3147	2
19111	7
21229	8
10349	4
17942	7
16534	6
4468	2
9461	4
16564	6
15799	6
21618	8
19380	7
7316	3
12616	5
10134	4
13248	5
7077	3
15279	6
9503	4
20909	8
15203	6
16608	6
18767	7
3383	2
9442	4
18446	7
15298	6
8882	4
13351	5
18801	7
10262	4
13199	5
9352	4
15451	6
15866	6
21346	8
3980	2
14982	6
20809	8
9781	4
15302	6
4648	2
18038	7
4363	2
11992	5
19429	7
18197	7
13307	5
6673	3
19556	7
7405	3
16343	6
10381	4
18688	7
6777	3
12099	5
7328	3
19440	7
7199	3
6080	3
9325	4
3200	2
16082	6
15581	6
18643	7
9761	4
6666	3
15632	6
4716	2
10337	4
3586	2
15990	6
10017	4
12849	5
10405	4
6509	3
3044	2
21191	8
20954	8
9650	4
20968	8
12026	5
19442	7
10579	4
15941	6
13550	5
3122	2
18436	7
12316	5
9590	4
12789	5
21608	8
12511	5
18185	7
6936	3
6693	3
15540	6
15027	6
6006	3
13532	5
3315	2
9468	4
7279	3
9905	4
15634	6
19540	7
12227	5
9241	4
15226	6
15765	6
12455	5
15500	6
15140	6
13329	5
16301	6
10350	4
9140	4
3848	2
4689	2
21500	8
7682	3
12612	5
13588	5
6072	3
9715	4
13008	5
3081	2
13045	5
12731	5
15526	6
18412	7
13515	5
4144	2
20851	8
15691	6
21067	8
3347	2
11974	5
7308	3
15969	6
6436	3
15672	6
9504	4
21415	8
12927	5
15097	6
16273	6
10223	4
3238	2
3161	2
3710	2
4192	2
4234	2
19376	7
7179	3
15094	6
10450	4
12951	5
9432	4
18450	7
8945	4
3973	2
12980	5
15346	6
13150	5
15897	6
21266	8
16033	6
7637	3
9667	4
10205	4
9663	4
10487	4
18242	7
21571	8
18347	7
10292	4
3388	2
21133	8
9576	4
6616	3
12675	5
18422	7
9455	4
21554	8
9522	4
17871	7
9248	4
3603	2
18744	7
6713	3
15857	6
3143	2
15342	6
9771	4
12184	5
11909	5
10051	4
4328	2
15706	6
3908	2
13236	5
9754	4
4740	2
10560	4
17962	7
12916	5
18073	7
13459	5
18474	7
16266	6
6175	3
10407	4
21392	8
21218	8
13275	5
13285	5
18509	7
14888	6
2982	2
10106	4
9351	4
9288	4
19065	7
4423	2
16509	6
13404	5
10631	4
6051	3
12973	5
5978	3
3753	2
7535	3
19449	7
9791	4
4097	2
18459	7
7234	3
16360	6
9049	4
9300	4
13135	5
12294	5
15189	6
12989	5
9383	4
16284	6
4359	2
18859	7
15553	6
9216	4
13287	5
4025	2
4337	2
13081	5
16512	6
18804	7
3890	2
7274	3
6932	3
6107	3
15212	6
13403	5
9944	4
12638	5
11976	5
4286	2
16348	6
6738	3
16100	6
12551	5
18520	7
21289	8
19520	7
10084	4
3396	2
12233	5
12029	5
20741	8
9014	4
14972	6
12356	5
6873	3
13473	5
15283	6
12328	5
3501	2
19451	7
18991	7
12969	5
13304	5
16447	6
10447	4
10382	4
18411	7
9436	4
3731	2
9614	4
16515	6
19316	7
12250	5
12413	5
20802	8
3820	2
4630	2
16191	6
6214	3
18032	7
4332	2
16473	6
17884	7
6912	3
6971	3
10173	4
13021	5
18253	7
4617	2
17998	7
8990	4
18292	7
12523	5
12868	5
18581	7
19018	7
9564	4
13538	5
4712	2
6817	3
12017	5
19231	7
20948	8
17992	7
3523	2
3175	2
9648	4
6990	3
21258	8
12430	5
9757	4
20889	8
3673	2
10188	4
14922	6
16313	6
8949	4
20796	8
12662	5
6142	3
18105	7
3426	2
8881	4
9737	4
10184	4
9042	4
12246	5
6422	3
13036	5
14981	6
7683	3
18769	7
15787	6
15696	6
15913	6
19004	7
9098	4
3255	2
7318	3
6878	3
3063	2
19259	7
21150	8
21555	8
16043	6
6909	3
4104	2
18107	7
12627	5
4303	2
16340	6
6698	3
18166	7
11955	5
9809	4
12815	5
21437	8
13498	5
16263	6
4092	2
4273	2
7300	3
21178	8
15646	6
18174	7
3131	2
18775	7
18269	7
21509	8
19401	7
15697	6
15935	6
3196	2
19530	7
9786	4
7160	3
10365	4
12538	5
18796	7
18595	7
21276	8
12504	5
13399	5
10306	4
12196	5
12261	5
13312	5
7303	3
6572	3
3942	2
20722	8
3263	2
15663	6
16088	6
4162	2
16151	6
4101	2
6442	3
6809	3
12652	5
9632	4
7705	3
18072	7
11879	5
7367	3
6950	3
6122	3
7701	3
10002	4
12234	5
6200	3
12891	5
15930	6
19466	7
18304	7
6021	3
15344	6
9914	4
13252	5
21550	8
18750	7
9419	4
8916	4
6415	3
9521	4
12215	5
21295	8
15643	6
6267	3
4294	2
3075	2
15915	6
16159	6
3433	2
3442	2
9377	4
12777	5
15312	6
13542	5
18285	7
18179	7
3799	2
12832	5
3463	2
10069	4
9259	4
8871	4
12632	5
15464	6
6291	3
6029	3
18947	7
3886	2
10099	4
12088	5
21546	8
9309	4
19161	7
7251	3
21467	8
4330	2
18920	7
11993	5
12068	5
16086	6
19539	7
11996	5
12851	5
18845	7
13519	5
15615	6
9819	4
21155	8
3829	2
6800	3
18280	7
19513	7
13143	5
20999	8
15875	6
11929	5
3963	2
15769	6
12983	5
21564	8
4205	2
10436	4
6812	3
9582	4
11893	5
10362	4
18296	7
18698	7
13220	5
9585	4
20887	8
15223	6
12987	5
18149	7
20806	8
19184	7
8992	4
4061	2
11930	5
6524	3
13206	5
4575	2
6479	3
9529	4
6669	3
7313	3
15128	6
15943	6
15709	6
9023	4
12177	5
13615	5
15817	6
15728	6
7617	3
10507	4
9981	4
6556	3
9337	4
12733	5
3049	2
7331	3
20862	8
15788	6
10126	4
4184	2
15107	6
6100	3
13053	5
16482	6
12730	5
3266	2
13118	5
13335	5
18074	7
6746	3
15402	6
18451	7
13416	5
19511	7
3378	2
16529	6
4077	2
16571	6
18335	7
6241	3
17909	7
6251	3
12142	5
18693	7
15995	6
20737	8
9174	4
10355	4
16370	6
3493	2
18719	7
10335	4
6337	3
8891	4
15979	6
18000	7
19220	7
13472	5
13264	5
2995	2
15330	6
7678	3
6438	3
6859	3
18911	7
12475	5
3296	2
19102	7
12301	5
18963	7
16433	6
21503	8
21170	8
12036	5
16299	6
14985	6
3421	2
15713	6
4632	2
12643	5
13297	5
3060	2
9659	4
9264	4
12189	5
19273	7
19475	7
14944	6
16048	6
12971	5
18658	7
18780	7
6364	3
16526	6
10232	4
4700	2
15238	6
3681	2
7288	3
7031	3
12545	5
15880	6
15837	6
10298	4
21561	8
18475	7
18262	7
3841	2
4526	2
18900	7
7589	3
9536	4
6516	3
3168	2
7307	3
18968	7
6716	3
4020	2
15266	6
12654	5
12901	5
10430	4
20877	8
12623	5
9570	4
6264	3
12978	5
4653	2
12377	5
21293	8
21083	8
21113	8
7353	3
15947	6
13131	5
10396	4
10424	4
3068	2
13604	5
12334	5
7259	3
10274	4
15439	6
6085	3
6186	3
6929	3
4338	2
20892	8
12368	5
3862	2
3983	2
4460	2
10580	4
6791	3
6547	3
6808	3
19081	7
3737	2
4353	2
18228	7
10480	4
6566	3
3923	2
3254	2
15245	6
10083	4
4267	2
19317	7
3066	2
7282	3
17920	7
7544	3
18141	7
3359	2
12183	5
9354	4
9866	4
3793	2
13096	5
18700	7
4377	2
9480	4
4508	2
7299	3
9517	4
4563	2
12785	5
13266	5
13441	5
16514	6
18865	7
11925	5
3562	2
21343	8
4516	2
10001	4
3125	2
4574	2
13414	5
6414	3
9961	4
19031	7
4148	2
15349	6
15528	6
9000	4
16101	6
9349	4
9189	4
18562	7
12387	5
6811	3
2999	2
15501	6
18294	7
12788	5
7142	3
21013	8
4504	2
2988	2
6740	3
12651	5
13364	5
12984	5
4634	2
21367	8
12205	5
12932	5
4412	2
12864	5
21193	8
9894	4
9626	4
15551	6
7193	3
19267	7
16479	6
3806	2
9202	4
18569	7
12092	5
3605	2
13169	5
18608	7
20916	8
6704	3
3182	2
4307	2
13253	5
15129	6
21147	8
15012	6
13586	5
9368	4
20736	8
15274	6
16396	6
7673	3
4290	2
18723	7
4065	2
16186	6
15116	6
13065	5
10016	4
13462	5
10412	4
12163	5
9935	4
8971	4
12896	5
7469	3
21380	8
6935	3
13142	5
21491	8
16210	6
4494	2
21188	8
21530	8
16358	6
19554	7
13145	5
6231	3
20774	8
21297	8
18815	7
15906	6
16341	6
19310	7
3666	2
20765	8
18133	7
4620	2
6671	3
10497	4
16282	6
6223	3
4672	2
12931	5
19125	7
10006	4
9607	4
19504	7
7681	3
9145	4
15959	6
8894	4
12128	5
21273	8
6404	3
3110	2
3036	2
4257	2
15091	6
15358	6
19480	7
14947	6
6245	3
21336	8
7431	3
10183	4
9592	4
16560	6
13009	5
16449	6
3828	2
16324	6
12671	5
18781	7
7078	3
10418	4
13107	5
18598	7
18456	7
18909	7
12272	5
15001	6
12562	5
10136	4
15398	6
18729	7
9984	4
14989	6
8890	4
3905	2
10076	4
6261	3
6469	3
4398	2
18460	7
10019	4
6914	3
19139	7
15921	6
19219	7
3498	2
21472	8
13050	5
3834	2
4762	2
3236	2
4609	2
12488	5
6756	3
21094	8
7012	3
4118	2
13551	5
6686	3
9938	4
15793	6
15144	6
6660	3
9854	4
11868	5
9079	4
7610	3
9543	4
15609	6
12930	5
3073	2
12796	5
16372	6
21432	8
19338	7
15371	6
10029	4
12765	5
15105	6
3894	2
6952	3
9222	4
7707	3
20988	8
9571	4
3171	2
19438	7
6588	3
10049	4
10623	4
15820	6
3759	2
10469	4
10459	4
12558	5
4540	2
9071	4
15087	6
16458	6
12985	5
20779	8
18981	7
12647	5
18453	7
6980	3
4170	2
6376	3
9180	4
7415	3
15029	6
19386	7
6526	3
3385	2
10570	4
18887	7
6807	3
4361	2
9021	4
3035	2
7138	3
11949	5
13286	5
6794	3
21513	8
19323	7
9841	4
6813	3
15667	6
6382	3
10370	4
6015	3
11994	5
19523	7
9800	4
21098	8
4566	2
19379	7
11845	5
15224	6
18656	7
4733	2
18472	7
3649	2
16317	6
10344	4
5982	3
6176	3
13520	5
6959	3
15000	6
13069	5
15234	6
3550	2
18403	7
14876	6
18048	7
12865	5
7172	3
13489	5
20927	8
9077	4
18236	7
11990	5
4221	2
12908	5
3575	2
18243	7
9070	4
13362	5
18645	7
7066	3
12004	5
7462	3
10376	4
9530	4
9389	4
15246	6
16069	6
6056	3
3669	2
21518	8
6170	3
6553	3
3348	2
7070	3
7513	3
4527	2
7660	3
10039	4
9563	4
6086	3
3889	2
4140	2
18019	7
4360	2
13128	5
15878	6
7108	3
13617	5
16325	6
7341	3
9799	4
16579	6
10562	4
9687	4
13552	5
17870	7
15055	6
6700	3
18971	7
4127	2
3260	2
19160	7
12034	5
20763	8
18691	7
21629	8
15288	6
3751	2
15945	6
15290	6
16373	6
7177	3
4646	2
11899	5
12926	5
3132	2
10170	4
13587	5
15017	6
9375	4
18054	7
15710	6
4301	2
11887	5
4031	2
18163	7
3527	2
9561	4
13539	5
6286	3
18695	7
21010	8
7390	3
3351	2
8958	4
12530	5
3520	2
19119	7
3906	2
3299	2
10398	4
21581	8
9826	4
11982	5
18641	7
4201	2
12970	5
10289	4
12698	5
10345	4
21582	8
5993	3
10095	4
9028	4
15836	6
3191	2
7598	3
6499	3
11872	5
9904	4
10531	4
18844	7
19236	7
10103	4
12819	5
9020	4
16528	6
8975	4
9591	4
7285	3
18273	7
12239	5
4502	2
18464	7
18554	7
18783	7
12540	5
4195	2
18297	7
9064	4
6514	3
10075	4
15015	6
16481	6
21374	8
6564	3
12411	5
13340	5
11987	5
6648	3
18380	7
12154	5
15066	6
15365	6
14834	6
18295	7
3957	2
7171	3
20822	8
16499	6
3687	2
18118	7
19485	7
16418	6
6860	3
21264	8
20871	8
15466	6
16292	6
20827	8
7020	3
12950	5
7358	3
13426	5
6467	3
10333	4
13011	5
16475	6
10266	4
3368	2
12014	5
6695	3
18942	7
12280	5
9474	4
7702	3
6020	3
15310	6
12888	5
4228	2
6706	3
4604	2
9931	4
12020	5
9091	4
10632	4
18913	7
16382	6
9552	4
12063	5
16535	6
12945	5
9168	4
7574	3
9601	4
16537	6
21304	8
6922	3
7579	3
20728	8
18533	7
16127	6
19145	7
6236	3
18559	7
3420	2
12753	5
4230	2
3981	2
13121	5
12400	5
4642	2
18827	7
18249	7
6612	3
6413	3
6985	3
16192	6
11931	5
19113	7
3177	2
4422	2
15566	6
12737	5
3216	2
13060	5
12858	5
19563	7
20835	8
7124	3
19455	7
12255	5
12248	5
21427	8
18988	7
9946	4
21118	8
15147	6
6435	3
3752	2
18353	7
18724	7
16116	6
9880	4
6826	3
16347	6
7054	3
16422	6
3893	2
12164	5
11867	5
9414	4
6330	3
12311	5
21452	8
6654	3
19319	7
21483	8
15547	6
18978	7
15045	6
16541	6
17978	7
9452	4
9152	4
9353	4
15399	6
7478	3
3900	2
9451	4
16099	6
9138	4
12937	5
15910	6
15219	6
15692	6
6889	3
18682	7
13310	5
6433	3
19105	7
16616	6
6525	3
19165	7
15589	6
3327	2
16146	6
4372	2
9838	4
7262	3
3286	2
10181	4
12518	5
12621	5
18847	7
12469	5
9210	4
9903	4
12376	5
19013	7
7060	3
13160	5
18997	7
9965	4
19264	7
18640	7
20920	8
15280	6
3058	2
15582	6
4448	2
14846	6
9150	4
2978	2
13322	5
19412	7
3067	2
6447	3
16415	6
21109	8
20791	8
12207	5
9026	4
12665	5
19022	7
6915	3
4351	2
9270	4
3640	2
7323	3
3818	2
12838	5
7088	3
9228	4
15543	6
6096	3
17961	7
9269	4
19141	7
12067	5
6426	3
4406	2
4190	2
15150	6
17996	7
9122	4
16576	6
15204	6
6578	3
21547	8
3807	2
9532	4
7392	3
6769	3
7053	3
15393	6
6881	3
3925	2
15808	6
15870	6
15331	6
21017	8
6649	3
12837	5
3427	2
6591	3
4354	2
6163	3
12848	5
9719	4
15004	6
16495	6
3429	2
18540	7
21338	8
15505	6
3667	2
4265	2
9223	4
7264	3
6901	3
7492	3
3577	2
14891	6
15552	6
12964	5
12674	5
4202	2
3579	2
3491	2
8995	4
6555	3
18938	7
7456	3
12760	5
12738	5
19308	7
10125	4
3170	2
9489	4
8863	4
12992	5
12677	5
21389	8
18917	7
21619	8
18936	7
21603	8
10263	4
10402	4
12112	5
7688	3
18148	7
6205	3
9088	4
16018	6
18951	7
6212	3
10256	4
13402	5
16349	6
15538	6
6482	3
16434	6
7518	3
9405	4
3279	2
10249	4
19396	7
21312	8
19223	7
13454	5
19009	7
15598	6
19492	7
4735	2
16242	6
3971	2
6092	3
18061	7
3363	2
3788	2
20964	8
3590	2
16334	6
9766	4
9877	4
9807	4
6537	3
3212	2
15881	6
4641	2
12075	5
15642	6
9313	4
7649	3
21596	8
20840	8
21607	8
20905	8
12579	5
13271	5
16331	6
6862	3
9651	4
17893	7
4268	2
6156	3
6830	3
12515	5
4709	2
13291	5
11970	5
11967	5
3127	2
15414	6
9631	4
18848	7
16179	6
18375	7
18690	7
7055	3
15656	6
18526	7
21159	8
21548	8
19506	7
4445	2
21036	8
7464	3
10180	4
9993	4
13231	5
15476	6
7552	3
18220	7
3917	2
4047	2
14952	6
7222	3
15809	6
13260	5
16049	6
7150	3
15394	6
20874	8
21177	8
13062	5
18592	7
19362	7
16291	6
16352	6
19006	7
6829	3
9770	4
20770	8
13382	5
15912	6
21024	8
15157	6
3784	2
7621	3
6031	3
13044	5
16001	6
10241	4
16157	6
18281	7
3715	2
9746	4
10530	4
15405	6
21236	8
12811	5
3282	2
13127	5
6644	3
15594	6
9827	4
6256	3
18686	7
15227	6
7058	3
4553	2
15577	6
18478	7
5985	3
10499	4
10224	4
12056	5
14951	6
4188	2
9211	4
16472	6
9998	4
12340	5
11934	5
6786	3
12963	5
4631	2
21370	8
6879	3
12070	5
9898	4
9074	4
10385	4
6424	3
10636	4
3555	2
19346	7
10048	4
9669	4
16193	6
17852	7
15493	6
4775	2
21221	8
17912	7
7033	3
18276	7
7599	3
12695	5
18635	7
9734	4
3393	2
4488	2
19152	7
19206	7
9407	4
6883	3
10229	4
18448	7
15472	6
17837	7
11878	5
3402	2
12289	5
15111	6
6655	3
17902	7
18748	7
18794	7
6532	3
19454	7
4543	2
6575	3
21388	8
13139	5
6260	3
19548	7
9698	4
16068	6
12721	5
9304	4
9862	4
9187	4
8876	4
15478	6
19476	7
13433	5
16498	6
9567	4
12293	5
6749	3
9424	4
4461	2
12807	5
9339	4
19080	7
18858	7
21284	8
6645	3
6838	3
10053	4
14977	6
12630	5
13246	5
19012	7
18821	7
12474	5
3877	2
3356	2
10293	4
3996	2
9763	4
3837	2
7247	3
3367	2
3702	2
18333	7
12343	5
4261	2
16333	6
11831	5
15469	6
6206	3
7248	3
21114	8
3070	2
18795	7
15491	6
13571	5
12794	5
19301	7
6283	3
13455	5
4652	2
15742	6
3235	2
10284	4
10446	4
13544	5
6535	3
3775	2
12880	5
19272	7
18150	7
4715	2
13339	5
18398	7
18499	7
3366	2
21318	8
9460	4
9943	4
4358	2
6849	3
20772	8
18669	7
4626	2
13436	5
16329	6
9621	4
6064	3
9129	4
8896	4
10071	4
6294	3
11875	5
16171	6
21354	8
9939	4
9913	4
15830	6
3914	2
7619	3
21204	8
15644	6
15179	6
15927	6
3581	2
4045	2
6232	3
3538	2
15386	6
20719	8
7209	3
10582	4
12783	5
9408	4
3441	2
7375	3
9656	4
6641	3
6517	3
16346	6
3034	2
15236	6
14889	6
12282	5
3448	2
19085	7
18557	7
9985	4
9664	4
7657	3
12168	5
19255	7
9062	4
18086	7
12641	5
6507	3
21340	8
19000	7
7423	3
4751	2
19541	7
6940	3
15725	6
11873	5
8903	4
10557	4
15006	6
6542	3
17926	7
13326	5
7444	3
18613	7
7023	3
4557	2
7005	3
9386	4
9923	4
20773	8
11869	5
12967	5
18901	7
19048	7
16350	6
9226	4
3913	2
9409	4
12567	5
3941	2
14861	6
15757	6
20938	8
12041	5
21000	8
15638	6
15635	6
21484	8
16369	6
12990	5
18832	7
13193	5
15873	6
4599	2
3744	2
3156	2
18017	7
6234	3
21244	8
12407	5
21141	8
7658	3
15052	6
18357	7
19089	7
13429	5
6273	3
9975	4
6177	3
3540	2
16128	6
16080	6
18290	7
4485	2
21475	8
21174	8
10427	4
9250	4
12134	5
12583	5
4477	2
15011	6
10127	4
11883	5
4197	2
20943	8
6851	3
7653	3
3911	2
12182	5
21598	8
4349	2
10515	4
12483	5
4567	2
7582	3
15313	6
10020	4
4619	2
12087	5
10087	4
3730	2
7545	3
6803	3
20863	8
4023	2
13092	5
4334	2
16057	6
3059	2
16112	6
7646	3
18854	7
5990	3
13087	5
18519	7
3840	2
9960	4
10509	4
13238	5
3726	2
15662	6
3097	2
9121	4
6494	3
18278	7
18245	7
6573	3
7057	3
6292	3
8970	4
6503	3
3023	2
21384	8
15202	6
6560	3
16257	6
20755	8
3074	2
17842	7
4670	2
7380	3
3782	2
4357	2
12660	5
18014	7
20761	8
12264	5
17931	7
3369	2
18814	7
19358	7
3332	2
19423	7
13584	5
16020	6
4664	2
10042	4
16061	6
19419	7
3975	2
9545	4
6877	3
3661	2
10364	4
18367	7
15347	6
